PlayerId,TeamId,Touchdowns,Tackles,Points,Interceptions,Name,PositionalUnit,PassingYards,RushingYards,RecievingYards,Sacks,PlayedInProBowl
1,15,0,54,0,1,A.J. Bouye,CB,0,0,0,0,0
2,19,1,1,6,0,A.J. Derby,zzz,0,0,48,0,0
3,7,6,0,36,0,A.J. Green,WR,0,0,694,0,0
4,21,0,70,0,1,A.J. Klein,LB,0,0,0,2,0
5,25,0,0,0,0,A.J. Mccarron,QB,8,0,0,0,0
6,13,0,11,0,0,A.J. Moore,zzz,0,0,0,0,0
7,1,0,1,0,0,Aaron Brewer,LS,0,0,0,0,0
8,13,0,29,0,0,Aaron Colvin,CB,0,0,0,0,0
9,18,0,59,0,0,Aaron Donald,DT,0,0,0,20.5,1
10,12,9,0,54,0,Aaron Jones,RB,0,728,206,0,0
11,6,0,16,0,1,Aaron Lynch,LB,0,0,0,3,0
12,12,27,0,162,0,Aaron Rodgers,QB,4442,269,0,0,1
13,31,0,2,0,0,Aaron Wallace,zzz,0,0,0,0,0
14,15,0,29,0,0,Abry Jones,DT,0,0,0,1,0
15,22,0,17,0,0,Adam Butler,zzz,0,0,0,3,0
16,10,0,38,0,0,Adam Gotsis,DE,0,0,0,3,0
17,30,5,0,30,0,Adam Humphries,WR,0,11,816,0,0
18,10,0,9,0,1,Adam Jones,CB,0,0,0,0,0
19,6,1,0,6,0,Adam Shaheen,TE,0,0,48,0,0
20,20,9,0,54,0,Adam Thielen,WR,0,30,1373,0,1
21,14,0,0,113,0,Adam Vinatieri,K,0,0,0,0,0
22,30,0,60,0,1,Adarius Taylor,LB,0,0,0,1,0
23,7,0,8,0,0,Adolphus washington,DT,0,0,0,1,0
24,32,0,4,0,0,Adonis Alexander,zzz,0,0,0,0,0
25,31,0,73,0,2,Adoree' Jackson,CB,0,0,0,0,0
26,6,0,73,0,2,Adrian Amos,S,0,0,0,1,0
27,22,0,11,0,0,Adrian Clayborn,DE,0,0,0,2.5,0
28,28,0,21,0,0,Adrian Colbert,FS,0,0,0,0,0
29,32,8,0,48,0,Adrian Peterson,RB,0,1042,208,0,0
30,17,0,94,0,1,Adrian phillips,LB,0,0,0,0,1
31,28,0,37,0,0,Ahkello Witherspoon,CB,0,0,0,0,0
32,14,0,1,0,0,Ahmad Thomas,LB,0,0,0,0,0
33,29,0,21,0,0,Akeem King,CB,0,0,0,0,0
34,19,0,42,0,0,Akeem Spence,DT,0,0,0,2,0
35,6,1,55,6,0,Akiem Hicks,DT,0,1,0,7.5,1
36,14,0,24,0,0,Al Woods,DT,0,0,0,0,0
37,30,0,3,0,0,Alan Cross,TE,0,0,9,0,0
38,3,0,7,0,0,Albert Mcclellan,LB,0,0,0,0,0
39,19,5,2,30,0,Albert Wilson,WR,52,16,391,0,0
40,20,5,0,30,0,Aldrick Robinson,WR,0,0,231,0,0
41,23,0,0,127,0,Aldrick Rosas,K,0,0,0,0,1
42,23,2,93,12,5,Alec Ogletree,LB,0,0,0,1,0
43,27,1,0,6,0,Alejandro Villanueva,T,0,0,2,0,1
44,21,0,59,0,1,Alex Anzalone,LB,0,0,0,2,0
45,5,2,2,12,0,Alex Armah,FB,0,15,5,0,0
46,3,8,0,48,0,Alex Collins,RB,0,411,105,0,0
47,7,0,2,0,0,Alex Erickson,WR,0,22,167,0,0
48,3,0,0,0,0,Alex Lewis,G,0,0,0,0,0
49,2,0,1,0,0,Alex Mack,C,0,0,0,0,1
50,21,0,36,0,0,Alex Okafor,DE,0,0,0,4,0
51,32,11,0,66,0,Alex Smith,QB,2180,168,0,0,0
52,13,2,1,12,0,Alfred Blue,RB,0,499,154,0,0
53,28,2,0,12,0,Alfred Morris,RB,0,428,73,0,0
54,16,1,38,6,0,Allen Bailey,DE,0,0,0,6,0
55,9,2,0,12,0,Allen Hurns,WR,0,0,295,0,0
56,12,0,0,0,0,Allen Lazard,WR,0,0,7,0,0
57,6,4,0,24,0,Allen Robinson,WR,0,9,754,0,0
58,14,0,28,0,0,Al-Quadin Muhammad,DE,0,0,0,0,0
59,26,6,0,36,0,Alshon Jeffery,WR,0,0,843,0,0
60,21,18,0,108,0,Alvin Kamara,RB,0,883,709,0,1
61,9,7,0,42,0,Amari Cooper,WR,0,20,1005,0,1
62,20,0,1,0,0,Ameer Abdullah,RB,0,1,28,0,0
63,19,0,25,0,0,Andre Branch,DE,0,0,0,1.5,0
64,13,0,13,0,3,Andre Hal,S,0,0,0,0,0
65,10,0,5,0,0,Andre Holmes,WR,0,0,162,0,0
66,24,1,0,6,0,Andre Roberts,WR,0,20,79,0,1
67,5,0,3,0,0,Andre Smith,zzz,0,0,0,0,0
68,30,0,38,0,4,Andrew Adams,S,0,0,0,0,0
69,7,0,32,0,0,Andrew Billings,DT,0,0,0,2.5,0
70,14,39,0,234,0,Andrew Luck,QB,4593,148,4,0,1
71,20,0,27,0,0,Andrew Sendejo,S,0,0,0,0,0
72,7,21,0,126,0,Andy dalton,QB,2566,99,0,0,0
73,10,1,7,6,0,Andy Janovich,FB,0,5,112,0,0
74,11,1,4,6,0,Andy Jones,WR,0,0,80,0,0
75,1,0,1,0,0,Andy Lee,P,0,0,0,0,0
76,13,0,24,0,0,Angelo Blackson,DE,0,0,0,1,0
77,3,0,5,0,0,Anthony Averett,zzz,0,0,0,0,0
78,20,0,55,0,0,Anthony Barr,LB,0,0,0,3,1
79,9,0,44,0,1,Anthony Brown,CB,0,0,0,2,0
80,27,0,24,0,0,Anthony chickillo,zzz,0,0,0,1.5,0
81,31,1,1,6,0,Anthony Firkser,zzz,0,0,225,0,0
82,20,0,46,0,3,Anthony Harris,CB,0,0,0,0,0
83,16,0,135,0,0,Anthony Hitchens,LB,0,0,0,0,0
84,3,0,28,0,1,Anthony Levine,zzz,0,0,0,1,0
85,6,7,1,42,0,Anthony Miller,WR,8,26,423,0,0
86,16,1,4,6,0,Anthony Sherman,FB,0,2,96,0,1
87,14,0,105,0,1,Anthony Walker,LB,0,0,0,1,0
88,24,0,1,0,0,Anthony Wint,zzz,0,0,0,0,0
89,8,0,14,0,0,Anthony Zettel,zzz,0,0,0,0,0
90,1,0,121,0,0,Antoine Bethea,FS,0,0,0,3,0
91,28,1,40,6,1,Antone Exum,FS,0,0,0,1,0
92,27,15,0,90,0,Antonio Brown,WR,0,0,1297,0,1
93,8,5,0,30,0,Antonio Callaway,WR,0,7,586,0,0
94,17,2,0,12,0,Antonio Gates,TE,0,0,333,0,0
95,23,0,6,0,0,Antonio Hamilton,zzz,0,0,0,0,0
96,12,0,48,0,0,Antonio Morrison,LB,0,0,0,1,0
97,30,0,1,0,0,Antony Auclair,TE,0,0,48,0,0
98,9,0,34,0,0,Antwaun Woods,DT,0,0,0,1.5,0
99,18,0,23,0,1,Aqib Talib,CB,0,0,0,0,0
100,25,0,30,0,0,Arden Key,DE,0,0,0,1,0
101,28,0,48,0,0,arik Armstead,DE,0,0,0,3,0
102,16,0,5,0,0,Armani Watts,zzz,0,0,0,1,0
103,21,0,9,0,0,Arthur Maulet,CB,0,0,0,0,0
104,27,0,22,0,0,Artie Burns,CB,0,0,0,0,0
105,11,0,49,0,0,A'Shawn Robinson,DT,0,0,0,1,0
106,7,0,0,0,0,Auden Tate,WR,0,0,35,0,0
107,7,0,1,0,0,Auden Tate,zzz,0,0,35,0,0
108,18,0,0,0,0,Austin Blythe,G,0,0,0,0,0
109,29,0,45,0,0,Austin Calitro,LB,0,0,0,0.5,0
110,21,2,0,12,0,Austin carr,WR,0,0,97,0,0
111,17,6,9,36,0,Austin Ekeler,RB,0,554,404,0,0
112,2,4,0,24,0,Austin Hooper,TE,0,0,660,0,1
113,31,0,22,0,0,Austin Johnson,DT,0,0,0,1,0
114,15,1,0,6,0,Austin Seferian-Jenkins,TE,0,0,90,0,0
115,24,0,120,0,1,Avery Williamson,LB,0,0,0,3,0
116,26,0,35,0,2,Avonte Maddox,CB,0,0,0,0.5,0
117,26,0,2,0,0,B.J. Bello,zzz,0,0,0,0,0
118,27,0,0,0,0,B.J. Finney,G,0,0,0,0,0
119,23,0,61,0,2,B.J. Goodson,LB,0,0,0,0.5,0
120,23,0,48,0,0,B.J. Hill,DT,0,0,0,5.5,0
121,23,0,59,0,1,B.W. Webb,CB,0,0,0,1,0
122,8,27,0,162,0,Baker Mayfield,QB,3725,131,0,0,0
123,29,0,48,0,0,Barkevious mingo,LB,0,0,0,1,0
124,15,0,38,0,1,Barry Church,FS,0,0,0,1,0
125,12,1,20,6,2,Bashaud Breeland,CB,0,0,0,0,0
126,30,0,20,0,0,Beau Allen,DT,0,0,0,0,0
127,31,0,5,0,0,Beau Brinkley,zzz,0,0,0,0,0
128,6,0,3,0,0,Ben Braunecker,TE,0,0,42,0,0
129,20,0,53,0,0,Ben Gedeon,LB,0,0,0,0,0
130,5,0,6,0,0,Ben Jacobs,zzz,0,0,0,0,0
131,16,0,10,0,0,Ben Niemann,LB,0,0,0,0,0
132,27,37,0,222,0,Ben Roethlisberger,QB,5129,98,-1,0,0
133,21,2,0,12,0,Ben Watson,TE,0,0,400,0,0
134,13,0,105,0,1,Benardrick McKinney,LB,0,0,0,1.5,1
135,25,0,54,0,1,Bene Benwikere,CB,0,0,0,0.5,0
136,23,1,1,6,0,Bennie Fowler,WR,0,0,199,0,0
137,31,0,14,0,0,Bennie Logan,zzz,0,0,0,0,0
138,6,0,4,0,0,Benny Cunningham,zzz,0,20,9,0,0
139,1,0,38,0,0,Benson Mayowa,DE,0,0,0,4,0
140,6,0,28,0,0,Bilal Nichols,DE,0,0,0,3,0
141,24,1,0,6,0,Bilal Powell,RB,0,343,110,0,0
142,31,4,0,24,0,Blaine Gabbert,QB,626,0,0,0,0
143,15,0,2,0,0,Blair Brown,zzz,0,0,0,0,0
144,15,0,1,0,0,Blake Bell,TE,0,0,67,0,0
145,15,14,0,84,0,Blake Bortles,QB,2718,365,0,0,0
146,18,0,9,0,1,Blake Countess,FS,0,0,0,0,0
147,9,3,0,18,0,Blake Jarwin,TE,0,0,307,0,0
148,12,0,144,0,0,Blake Martinez,LB,0,0,0,5,0
149,2,0,4,0,0,Blidi Wreh-Wilson,zzz,0,0,0,0,0
150,19,0,61,0,1,Bobby McCain,CB,0,0,0,2,0
151,29,1,138,6,1,Bobby Wagner,LB,0,0,0,1,1
152,30,0,5,0,0,Bobo Wilson,zzz,0,0,52,0,0
153,10,0,60,0,0,Bradley Chubb,LB,0,0,0,12,0
154,29,0,78,0,3,Bradley McDougald,FS,0,0,0,0,0
155,28,0,1,0,0,Bradley Pinion,P,0,0,0,0,0
156,10,0,50,0,1,Bradley Roby,CB,0,0,0,0,0
157,6,1,0,6,0,Bradley Sowell,FB,0,0,2,0,0
158,29,0,10,0,0,Branden Jackson,DE,0,0,0,1,0
159,18,6,0,36,0,Brandin Cooks,WR,0,68,1204,0,0
160,7,0,4,0,0,Brandon Bell,zzz,0,0,0,0,0
161,19,3,6,18,0,Brandon Bolden,zzz,0,91,13,0,0
162,3,0,45,0,2,Brandon carr,CB,0,0,0,0,0
163,24,0,35,0,0,Brandon Copeland,LB,0,0,0,5,0
164,13,0,24,0,0,Brandon Dunn,DT,0,0,0,0,0
165,17,0,3,0,0,Brandon Facyson,zzz,0,0,0,0,0
166,2,0,0,0,0,Brandon Fusco,G,0,0,0,0,0
167,26,0,39,0,0,Brandon Graham,DE,0,0,0,4,0
168,22,0,12,0,0,Brandon King,zzz,0,0,0,0,0
169,25,2,0,12,0,Brandon LaFell,WR,0,0,135,0,0
170,15,0,0,0,0,Brandon Linder,C,0,0,0,0,0
171,10,1,42,6,0,Brandon Marshall,LB,0,0,136,0,0
172,10,0,1,95,0,Brandon McManus,K,0,0,0,0,0
173,17,0,40,0,0,Brandon Mebane,DT,0,0,0,1,0
174,25,0,0,0,0,Brandon Parker,T,0,0,0,0,0
175,11,0,0,0,0,Brandon Powell,WR,0,4,129,0,0
176,15,0,0,0,0,Brandon Wilds,RB,0,15,0,0,0
177,1,0,10,0,0,Brandon Williams,zzz,0,0,0,0,0
178,3,0,34,0,0,Brandon Williams,DT,0,0,0,1,1
179,7,0,11,0,0,Brandon Wilson,zzz,0,0,0,0,0
180,20,0,1,0,0,Brandon Zylstra,zzz,0,0,23,0,0
181,16,0,24,0,0,Breeland Speaks,LB,0,0,0,1.5,0
182,10,0,3,0,0,Brendan Langley,zzz,0,0,0,0,0
183,13,0,18,0,1,Brennan Scarlett,LB,0,0,0,0,0
184,30,0,48,0,0,Brent Grimes,CB,0,0,0,0,0
185,3,0,27,0,0,Brent Urban,DE,0,0,0,0.5,0
186,8,2,0,12,0,Breshad Perriman,WR,0,2,340,0,0
187,31,0,1,0,0,Brett Kern,P,0,0,0,0,1
188,9,0,1,119,0,Brett Maher,K,0,0,0,0,0
189,27,0,1,0,0,Brian Allen,zzz,0,0,0,0,0
190,2,0,0,0,0,Brian Hill,RB,0,157,9,0,0
191,22,0,0,0,0,Brian Hoyer,QB,7,0,0,0,0
192,31,0,28,0,0,Brian Orakpo,LB,0,0,0,1.5,0
193,10,0,1,0,0,Brian Parker,TE,0,0,33,0,0
194,13,0,9,0,0,Brian Peters,zzz,0,0,0,0,0
195,2,0,74,0,3,Brian Poole,CB,0,0,0,3,0
196,25,0,12,0,0,Brian Price,DT,0,0,0,0,0
197,32,0,0,0,0,Brian Quick,WR,0,0,18,0,0
198,19,1,0,6,0,Brice Butler,WR,0,0,60,0,0
199,8,0,56,0,0,Briean Boddy-Calhoun,CB,0,0,0,0,0
200,8,0,0,0,0,Britton Colquitt,P,0,0,0,0,0
201,28,0,6,0,0,Brock Coyle,LB,0,0,0,0,0
202,19,6,0,36,0,Brock Osweiler,QB,1247,21,0,0,0
203,2,0,24,0,0,Brooks Reed,DE,0,0,0,1,0
204,2,0,21,0,0,Bruce carter,zzz,0,0,0,0,0
205,13,1,1,6,0,Bruce Ellington,WR,0,2,224,0,0
206,26,0,2,0,0,Bruce Hector,zzz,0,0,0,0.5,0
207,25,0,19,0,0,Bruce Irvin,DE,0,0,0,6.5,0
208,30,0,2,0,0,Bryan Anger,P,0,0,0,0,0
209,5,0,10,0,0,Bryan Cox,zzz,0,0,0,0,0
210,6,0,45,0,2,Bryce Callahan,CB,0,0,0,2,0
211,18,0,14,0,0,Bryce Hager,zzz,0,0,0,0,0
212,31,0,8,0,0,Brynden Trawick,zzz,0,0,0,0,0
213,27,1,42,6,1,Bud Dupree,DT,0,0,0,5.5,0
214,1,1,102,6,0,Budda Baker,S,0,0,0,2,0
215,13,0,9,0,0,Buddy Howell,zzz,0,0,0,0,0
216,24,0,58,0,0,Buster Skrine,CB,0,0,0,0.5,0
217,9,0,67,0,0,Byron Jones,CB,0,0,0,0,1
218,32,0,2,0,0,Byron Marshall,zzz,0,9,30,0,0
219,18,3,0,18,0,C.J. Anderson,RB,0,403,41,0,0
220,28,9,0,54,0,C.J. Beathard,QB,1252,69,0,0,0
221,9,0,1,0,0,C.J. Goodwin,zzz,0,0,0,0,0
222,20,0,4,0,0,C.J. Ham,RB,0,8,85,0,0
223,3,0,105,0,1,C.J. Mosley,LB,0,0,0,0.5,1
224,29,0,0,0,0,C.J. Prosise,RB,0,-3,22,0,0
225,15,0,1,0,0,C.J. Reavis,zzz,0,0,0,0,0
226,7,3,0,18,0,C.J. Uzomah,TE,0,0,439,0,0
227,30,0,0,64,0,Cairo Santos,K,0,0,0,0,0
228,15,0,72,0,0,Calais Campbell,DE,0,0,0,10.5,1
229,32,0,1,0,0,Caleb Brantley,zzz,0,0,0,0,0
230,17,0,1,36,0,Caleb Sturgis,K,0,0,0,0,0
231,2,10,0,60,0,Calvin Ridley,WR,0,27,821,0,0
232,5,28,0,168,0,Cam Newton,QB,3395,488,0,0,0
233,4,0,0,0,0,Cam phillips,WR,0,0,9,0,0
234,5,1,1,6,0,Cameron Artis-Payne,zzz,0,69,15,0,0
235,31,0,1,0,0,Cameron Batson,WR,0,1,82,0,0
236,30,6,0,36,0,Cameron Brate,TE,0,0,289,0,0
237,27,0,51,0,0,Cameron Heyward,DT,0,0,0,8,1
238,26,0,1,0,0,Cameron Johnston,P,0,0,0,0,0
239,21,0,49,0,0,Cameron Jordan,DE,0,0,0,12,1
240,30,0,4,0,0,Cameron Lynch,zzz,0,0,0,0,0
241,19,0,10,0,0,Cameron Malveaux,DE,0,0,0,1,0
242,21,1,0,6,0,Cameron Meredith,WR,0,0,114,0,0
243,27,0,22,0,1,Cameron Sutton,CB,0,0,0,0,0
244,19,0,36,0,0,Cameron Wake,DE,0,0,0,6,0
245,5,0,47,0,1,Captain Munnerlyn,CB,0,0,0,2,0
246,9,0,10,0,0,caraun Reid,DT,0,0,0,0.5,0
247,8,0,1,0,0,carl Davis,zzz,0,0,0,0,0
248,7,0,6,0,0,carl Lawson,zzz,0,0,0,1,0
249,30,0,29,0,0,carl Nassib,DE,0,0,0,6.5,0
250,7,0,47,0,0,carlos Dunlap,DE,0,0,0,8,0
251,15,5,0,30,0,carlos Hyde,RB,0,571,33,0,0
252,13,0,3,0,0,carlos Watkins,zzz,0,0,0,1,0
253,30,0,40,0,0,carlton Davis,CB,0,0,0,0,0
254,14,0,5,0,0,carroll phillips,zzz,0,0,0,0,0
255,26,21,0,126,0,carson Wentz,QB,3074,93,4,0,0
256,10,20,0,120,0,Case Keenum,QB,3890,93,0,0,0
257,17,0,46,0,0,Casey Hayward,CB,0,0,0,0,0
258,32,0,1,0,0,Cassanova McKinzy,zzz,0,0,0,0,0
259,28,0,38,0,0,Cassius Marsh,DE,0,0,0,5.5,0
260,20,0,0,0,0,Chad Beebe,WR,0,0,39,0,0
261,16,0,0,0,0,Chad Henne,QB,29,3,0,0,0
262,1,1,0,6,0,Chad Williams,WR,0,9,171,0,0
263,30,0,1,78,0,Chandler Catanzaro,K,0,0,0,0,0
264,1,0,49,0,0,Chandler Jones,DE,0,0,0,13,0
265,26,0,7,0,0,Chandon Sullivan,CB,0,0,0,0,0
266,16,1,2,6,0,Charcandrick West,zzz,0,-1,37,0,0
267,4,0,0,0,0,Charles Clay,TE,0,0,184,0,0
268,19,0,19,0,0,Charles Harris,DE,0,0,0,1,0
269,11,0,6,0,0,Charles washington,zzz,0,0,0,0,0
270,8,0,4,0,0,Charley Hughlett,zzz,0,0,0,0,0
271,24,0,4,0,0,Charone Peake,zzz,0,0,25,0,0
272,16,0,30,0,0,Charvarius Ward,CB,0,0,0,0,0
273,19,0,3,0,0,Chase Allen,LB,0,0,0,0,0
274,6,3,0,18,0,Chase Daniel,QB,515,3,8,0,0
275,1,2,7,12,0,Chase Edmonds,zzz,0,208,103,0,0
276,32,0,0,0,0,Chase Roullier,C,0,0,0,0,0
277,14,2,0,12,0,Chester Rogers,WR,0,-4,485,0,0
278,9,0,71,0,1,chidobe Awuzie,CB,0,0,0,0,0
279,21,0,10,0,2,Chris Banjo,zzz,0,0,0,0,0
280,3,0,12,0,0,Chris Board,zzz,0,0,0,0,0
281,27,1,2,88,0,Chris Boswell,K,2,0,0,0,0
282,29,9,0,54,0,Chris carson,RB,0,1151,163,0,0
283,5,0,0,0,0,Chris Clark,T,0,0,0,0,0
284,16,5,0,30,0,Chris Conley,WR,0,0,334,0,0
285,30,0,14,0,0,Chris Conte,S,0,0,0,0,0
286,9,0,1,0,0,Chris Covington,zzz,0,0,0,0,0
287,30,7,1,42,0,Chris Godwin,WR,0,0,842,0,0
288,10,1,49,6,3,Chris Harris,CB,0,0,0,1,1
289,24,4,0,24,0,Chris Herndon,TE,0,0,502,0,0
290,22,3,1,18,0,Chris Hogan,WR,0,0,532,0,0
291,4,1,0,6,0,Chris Ivory,RB,0,385,205,0,0
292,16,1,40,6,1,Chris Jones,DE,0,0,0,15.5,0
293,11,0,1,0,0,Chris lacy,zzz,0,0,0,0,0
294,17,0,6,0,0,Chris Landrum,zzz,0,0,0,0,0
295,26,0,23,0,0,Chris Long,zzz,0,0,0,6.5,0
296,5,1,0,6,0,Chris Manhertz,TE,0,0,52,0,0
297,3,1,4,6,0,Chris Moore,zzz,0,17,196,0,0
298,8,0,21,0,0,Chris Smith,DE,0,0,0,1,0
299,32,1,0,6,0,Chris Thompson,RB,0,178,268,0,0
300,7,0,2,0,0,Chris Worley,zzz,0,0,0,0,0
301,3,0,16,0,0,Chris Wormley,DT,0,0,0,1,0
302,13,0,15,0,0,Christian Covington,DE,0,0,0,3.5,0
303,11,0,69,0,0,Christian Jones,LB,0,0,0,1,0
304,1,3,0,18,0,Christian Kirk,WR,0,35,590,0,0
305,8,0,43,0,2,Christian Kirksey,LB,0,0,0,0,0
306,5,14,0,84,0,Christian McCaffrey,RB,50,1098,867,0,0
307,9,0,10,0,0,Christian Ringo,DE,0,0,0,1.5,0
308,14,0,0,0,0,Christine Michael,RB,0,9,0,0,0
309,14,0,10,0,0,Christopher Milton,zzz,0,0,0,0,0
310,3,0,21,0,1,Chuck Clark,FS,0,0,0,0,0
311,7,0,3,0,0,Clark Harris,zzz,0,0,0,0,0
312,12,0,43,0,0,Clay Matthews,LB,0,0,0,3.5,0
313,7,1,35,6,0,Clayton Fejedelem,CB,0,6,0,0,0
314,14,0,89,0,0,Clayton Geathers,S,0,0,0,0,0
315,25,0,31,0,0,Clinton McDonald,DE,0,0,0,2,0
316,7,1,3,6,0,Cody Core,WR,0,0,160,0,0
317,15,0,10,0,0,Cody Davis,zzz,0,0,0,0,0
318,15,2,0,12,0,Cody Kessler,QB,709,123,0,0,0
319,23,1,1,6,0,Cody Latimer,WR,0,0,190,0,0
320,6,0,0,111,0,Cody Parkey,K,0,0,0,0,0
321,6,0,0,0,0,Cody Whitehair,C,0,0,0,0,1
322,10,0,0,0,0,Colby Wadman,P,12,0,0,0,0
323,9,3,0,18,0,Cole Beasley,WR,0,0,672,0,0
324,28,0,1,0,0,Cole Wick,zzz,0,0,0,0,0
325,5,1,20,6,1,Colin Jones,S,0,0,0,0,0
326,32,3,0,18,0,Colt McCoy,QB,372,63,0,0,0
327,4,0,0,0,0,Colton Schmidt,P,0,0,0,0,0
328,23,0,12,0,0,Connor Barwin,LB,0,0,0,1,0
329,18,6,0,36,0,Cooper Kupp,WR,0,25,566,0,0
330,22,4,1,24,0,Cordarrelle Patterson,RB,0,228,247,0,0
331,19,0,5,0,0,Cordrea Tankersley,zzz,0,0,0,0,0
332,4,0,0,0,0,Corey Bojorquez,P,0,0,0,0,0
333,26,2,3,12,0,Corey clement,zzz,0,259,192,0,0
334,23,0,0,0,0,Corey Coleman,WR,0,5,71,0,0
335,31,4,0,24,0,Corey Davis,WR,0,55,891,0,0
336,26,0,56,0,1,Corey Graham,S,0,0,0,0,0
337,15,0,0,0,0,Corey Grant,RB,0,40,67,0,0
338,12,0,0,0,0,Corey Linsley,C,0,0,0,0,0
339,17,0,14,0,0,Corey Liuget,DT,0,0,0,1.5,0
340,14,0,12,0,1,Corey Moore,zzz,0,0,0,0,0
341,1,0,50,0,0,Corey Peters,DT,0,0,0,2.5,0
342,4,0,14,0,0,Corey Thompson,LB,0,0,0,0,0
343,5,0,3,0,0,Corn Elder,zzz,0,0,0,0,0
344,19,0,8,0,0,Cornell Armstrong,zzz,0,0,0,0,0
345,18,1,125,6,3,Cory Littleton,LB,0,0,0,4,1
346,27,0,45,0,0,Coty Sensabaugh,CB,0,0,0,0,0
347,10,4,1,24,0,Courtland Sutton,WR,0,-1,704,0,0
348,21,0,14,0,0,Craig Robertson,zzz,0,0,0,1,0
349,26,0,27,0,0,Cre'von LeBlanc,CB,0,0,0,0,0
350,23,1,75,6,4,Curtis Riley,FS,0,0,0,0,0
351,5,7,5,42,0,Curtis Samuel,WR,0,84,494,0,0
352,3,0,8,0,0,Cyrus Jones,CB,0,0,0,0,0
353,26,0,4,0,0,D.J. Alexander,zzz,0,0,0,0,0
354,15,0,46,0,1,D.J. Hayden,CB,0,0,0,1,0
355,28,0,17,0,0,D.J. Jones,DT,0,0,0,0,0
356,5,2,1,12,0,D.J. Moore,WR,0,172,788,0,0
357,13,0,33,0,0,D.J. Reader,DE,0,0,0,2,0
358,28,0,41,0,0,D.J. Reed,CB,0,0,0,1,0
359,32,0,53,0,4,D.J. Swearinger,FS,0,0,0,1,0
360,10,2,1,12,0,Daesean Hamilton,WR,0,0,243,0,0
361,26,0,3,0,0,Daeshon Hall,zzz,0,0,0,0.5,0
362,9,28,0,168,0,Dak Prescott,QB,3885,305,0,0,1
363,26,4,3,24,0,dallas Goedert,TE,0,0,334,0,0
364,25,0,1,0,0,dallin Leavitt,zzz,0,0,0,0,0
365,9,0,1,0,0,dalton Schultz,TE,0,0,116,0,0
366,20,4,0,24,0,dalvin Cook,RB,0,615,305,0,0
367,23,0,59,0,0,dalvin Tomlinson,DT,0,0,0,0,0
368,8,0,85,0,4,Damarious Randall,S,0,0,0,0,0
369,16,6,4,36,0,Damien Williams,RB,0,256,160,0,0
370,9,0,37,0,0,Damien Wilson,LB,0,0,0,1,0
371,5,0,1,0,0,Damiere Byrd,zzz,0,0,8,0,0
372,8,0,0,0,0,Damion Ratley,WR,0,0,144,0,0
373,17,0,31,0,0,Damion Square,DE,0,0,0,3,0
374,11,0,81,0,0,Damon Harrison,DT,0,0,0,3.5,0
375,2,0,82,0,7,Damontae Kazee,S,0,0,0,0,0
376,25,0,1,0,0,Damontre Moore,zzz,0,0,0,0,0
377,21,1,0,6,0,Dan Arnold,TE,0,0,150,0,0
378,20,0,1,93,0,Dan Bailey,K,0,0,0,0,0
379,31,1,11,6,0,Dane Cruikshank,zzz,0,0,66,0,0
380,6,0,2,0,0,Daniel Brown,zzz,0,0,0,0,0
381,25,0,2,75,0,Daniel carlson,K,0,0,0,0,0
382,27,0,5,0,0,Daniel McCullers,DT,0,0,0,1,0
383,9,0,14,0,0,Daniel Ross,zzz,0,0,0,1,0
384,16,1,26,6,1,Daniel Sorensen,S,0,0,0,0,0
385,20,1,72,6,0,Danielle Hunter,DE,0,0,0,14.5,1
386,19,2,0,12,0,Danny Amendola,WR,28,-2,575,0,0
387,32,0,14,0,0,Danny Johnson,CB,0,0,0,0,0
388,22,0,21,0,0,Danny Shelton,DE,0,0,0,0,0
389,6,0,102,0,2,Danny Trevathan,LB,0,0,0,2,0
390,12,0,2,0,0,Danny Vitale,zzz,0,0,2,0,0
391,5,0,5,0,0,Da'norris searcy,S,0,0,0,0,0
392,18,0,30,0,0,Dante Fowler,DE,0,0,0,4,0
393,28,5,0,30,0,Dante Pettis,WR,0,-2,467,0,0
394,31,0,34,0,0,DaQuan Jones,DE,0,0,0,0,0
395,30,0,1,0,0,Dare Ogunbowale,zzz,0,0,0,0,0
396,31,0,9,0,0,Daren Bates,zzz,0,0,0,0,0
397,10,0,60,0,2,Darian Stewart,S,0,0,0,1,0
398,12,0,0,0,0,Darius Jackson,RB,0,16,0,0,0
399,31,0,2,0,0,Darius Jennings,zzz,21,2,101,0,0
400,31,0,5,0,0,Darius Kilgo,zzz,0,0,0,0,0
401,14,0,163,0,2,Darius Leonard,LB,0,0,0,7,0
402,7,0,22,0,0,Darius phillips,CB,0,0,0,0,1
403,17,0,33,0,0,Darius philon,DT,0,0,0,4,0
404,11,1,43,6,3,Darius Slay,CB,0,0,0,0,1
405,32,0,56,0,0,Da'Ron Payne,DT,0,0,0,5,0
406,7,0,68,0,0,Darqueze dennard,CB,0,0,0,0,0
407,16,1,1,6,0,Darrel Williams,zzz,0,44,27,0,0
408,29,0,2,0,0,Darrell Daniels,TE,0,0,0,0,0
409,8,3,1,18,0,Darren Fells,TE,0,0,117,0,0
410,26,3,0,18,0,Darren Sproles,RB,0,120,160,0,0
411,25,0,1,0,0,Darren Waller,zzz,0,21,75,0,0
412,27,0,4,0,0,Darrius Heyward-Bey,WR,0,-7,9,0,0
413,24,1,74,6,3,Darron Lee,LB,0,0,0,0,0
414,24,0,48,0,1,Darryl Roberts,CB,0,0,0,0,0
415,32,0,0,0,0,Darvin Kidsy,WR,0,0,8,0,0
416,25,0,33,0,1,Daryl Worley,CB,0,0,0,0,0
417,11,0,27,0,0,Da'Shawn Hand,DE,0,0,0,3,0
418,12,13,0,78,0,Davante Adams,WR,0,0,1386,0,1
419,1,0,21,0,1,David Amerson,CB,0,0,0,0,0
420,22,0,0,0,0,David Andrews,C,0,0,0,0,0
421,31,0,3,0,0,David Fluellen,zzz,0,16,0,0,0
422,15,0,0,0,0,David Grinnage,TE,0,0,61,0,0
423,9,0,4,0,0,David Irving,zzz,0,0,0,1,0
424,1,10,0,60,0,David Johnson,RB,0,940,446,0,0
425,5,0,14,0,0,David Mayo,LB,0,0,0,0,0
426,29,5,0,30,0,David Moore,WR,0,5,445,0,0
427,20,0,0,0,0,David Morgan,TE,0,0,36,0,0
428,8,4,0,24,0,David Njoku,TE,0,0,639,0,0
429,21,0,35,0,0,David Onyemata,DT,0,0,0,4.5,0
430,20,0,4,0,0,David Parry,zzz,0,0,0,1,0
431,15,0,0,0,0,David Williams,RB,0,36,0,0,0
432,19,0,48,0,0,Davon Godchaux,DT,0,0,0,1,0
433,12,0,2,0,0,Davon house,zzz,0,0,0,0,0
434,7,0,1,0,0,Davontae Harris,zzz,0,0,0,0,0
435,15,0,4,0,0,Dawuane Smoot,zzz,0,0,0,0,0
436,2,0,30,0,0,Deadrin Senat,DT,0,0,0,0,0
437,12,0,44,0,0,Dean Lowry,DE,0,0,0,3,0
438,4,0,5,0,0,Dean Marlowe,S,0,0,0,0,0
439,26,0,0,0,0,DeAndre carter,WR,0,7,216,0,0
440,13,11,0,66,0,DeAndre Hopkins,WR,0,-7,1572,0,1
441,6,0,10,0,0,DeAndre houston-carson,zzz,0,0,0,0,0
442,25,0,0,0,0,DeAndre washington,WR,0,115,9,0,0
443,24,0,0,0,0,De'Angelo Henderson,RB,0,19,0,0,0
444,13,0,5,0,0,Deante Burton,WR,0,0,0,0,0
445,16,1,4,6,0,De'Anthony Thomas,zzz,0,6,29,0,0
446,22,0,30,0,0,Deatrich Wise,DE,0,0,0,4.5,0
447,1,0,1,0,0,Deatrick Nichols,zzz,0,0,0,0,0
448,15,5,0,30,0,Dede Westbrook,WR,0,98,717,0,0
449,16,0,55,0,0,Dee Ford,LB,0,0,0,13,1
450,11,0,1,0,0,Dee Virgin,zzz,0,0,0,0,0
451,28,0,67,0,0,DeForest Buckner,DT,0,0,0,12,1
452,2,1,53,6,2,Deion Jones,LB,0,0,0,1,0
453,26,0,4,0,0,Deiondre' Hall,zzz,0,0,0,0,0
454,28,0,5,0,0,Dekoda Watson,zzz,0,0,0,2,0
455,3,0,3,0,0,De'Lance Turner,zzz,0,4,17,0,0
456,31,0,0,0,0,Delanie Walker,TE,0,0,52,0,0
457,29,0,24,0,0,Delano Hill,S,0,0,0,0,0
458,9,0,64,0,1,DeMarcus Lawrence,DE,0,0,0,10.5,1
459,16,4,1,24,0,Demarcus Robinson,WR,0,0,288,0,0
460,10,0,4,0,0,DeMarcus Walker,zzz,0,0,0,1,0
461,21,0,110,0,0,Demario Davis,LB,0,0,0,5,0
462,13,5,0,30,0,Demaryius Thomas,WR,0,0,677,0,0
463,16,3,2,18,0,Demetrius Harris,TE,0,0,164,0,0
464,14,0,37,0,0,denico Autry,DE,0,0,0,9,0
465,1,0,7,0,0,Dennis Gardeck,zzz,0,0,0,0,0
466,17,0,51,0,1,denzel Perryman,LB,0,0,0,0,0
467,8,0,5,0,1,denzel Rice,CB,0,0,0,0,0
468,8,0,53,0,3,denzel Ward,CB,0,0,0,0,1
469,6,0,8,0,0,Deon Bush,S,0,0,0,1,0
470,4,0,7,0,0,Deon Lacey,zzz,0,0,0,0,0
471,1,0,38,0,0,Deone Bucannon,LB,0,0,0,1,0
472,24,0,0,0,0,Deontay Burnett,WR,0,0,143,0,0
473,9,0,1,0,0,Deonte Thompson,WR,0,0,161,0,0
474,4,0,0,0,0,Derek Anderson,QB,465,0,0,0,0
475,26,0,16,0,0,Derek Barnett,DE,0,0,0,2.5,0
476,25,20,0,120,0,Derek carr,QB,4049,47,-9,0,0
477,25,1,9,6,0,Derek carrier,TE,0,0,67,0,0
478,22,0,2,0,0,Derek Rivers,zzz,0,0,0,1,0
479,17,0,6,0,0,Derek Watt,FB,0,11,2,0,0
480,10,0,43,0,1,Derek Wolfe,DE,0,0,0,1.5,0
481,1,0,7,0,0,Derrick Coleman,FB,0,3,17,0,0
482,31,12,0,72,0,Derrick Henry,RB,14,1059,99,0,0
483,25,0,17,0,0,Derrick Johnson,LB,0,0,0,0,0
484,24,0,3,0,0,Derrick Jones,zzz,0,0,0,0,0
485,8,0,45,0,1,Derrick Kindred,CB,0,0,0,0,0
486,31,0,25,0,0,Derrick Morgan,LB,0,0,0,0.5,0
487,16,0,35,0,0,Derrick Nnadi,DT,0,0,0,0,0
488,2,0,10,0,0,Derrick Shelby,DE,0,0,0,0,0
489,8,0,0,0,0,Derrick Willies,WR,0,0,61,0,0
490,17,0,105,0,3,Derwin James,S,0,0,0,3.5,1
491,30,5,0,30,0,Desean Jackson,WR,0,29,774,0,0
492,13,31,0,186,0,Deshaun Watson,QB,4165,551,0,0,1
493,11,0,18,0,0,DeShawn Shead,CB,0,0,0,0,0
494,32,0,26,0,1,Deshazor Everett,CB,0,0,0,0,0
495,12,0,0,0,0,DeShone Kizer,QB,187,39,0,0,0
496,17,1,62,6,3,Desmond King,CB,0,0,0,0,1
497,2,0,66,0,0,Desmond Trufant,CB,0,0,0,1,0
498,26,0,2,0,0,Destiny Vaeao,DT,0,0,0,1,0
499,17,0,3,0,0,detrez Newsome,zzz,0,49,19,0,0
500,26,0,14,0,0,De'Vante Bausby,CB,0,0,0,0,0
501,30,0,22,0,0,Devante Bond,LB,0,0,0,0,0
502,20,0,3,0,0,Devante Downs,zzz,0,0,0,0,0
503,30,0,9,0,0,De'Vante Harris,CB,0,0,0,0,0
504,19,1,0,6,0,DeVante Parker,WR,0,0,309,0,0
505,5,4,0,24,0,Devin Funchess,WR,0,0,549,0,0
506,22,1,82,6,1,Devin McCourty,CB,0,0,0,0,0
507,11,0,46,0,0,Devon Kennard,LB,0,0,0,7,0
508,2,0,94,0,0,De'Vondre Campbell,CB,0,0,0,1.5,0
509,2,0,0,0,0,Devonta Freeman,RB,0,68,23,0,0
510,10,1,3,6,0,Devontae Booker,zzz,0,183,275,0,0
511,26,0,5,0,0,Dexter McDougle,CB,0,0,0,0,0
512,4,1,0,6,0,Dion Dawkins,T,0,0,7,0,0
513,29,0,22,0,0,Dion Jordan,DE,0,0,0,1.5,0
514,31,2,0,12,0,Dion Lewis,RB,0,517,400,0,0
515,6,0,0,0,0,Dion Sims,TE,0,0,9,0,0
516,15,0,5,0,0,DJ Chark,zzz,0,0,174,0,0
517,8,0,4,0,0,D'Juan Hines,zzz,0,0,0,0,0
518,10,0,31,0,0,Domata Peko,DT,0,0,0,0.5,0
519,18,0,4,0,0,Dominique Easley,LB,0,0,0,0,0
520,18,0,1,0,0,Dominique Hatfield,zzz,0,0,0,0,0
521,25,0,8,0,0,Dominique Rodgers-Cromartie,CB,0,0,0,0,0
522,15,0,2,0,0,Donald Payne,zzz,0,0,0,0,0
523,17,0,0,0,0,Donnie Jones,P,0,0,0,0,0
524,13,1,0,6,0,D'Onta Foreman,RB,0,-1,28,0,0
525,22,0,48,0,1,Dont'a Hightower,LB,0,0,0,1,0
526,5,0,17,0,0,Dontari Poe,DT,0,0,0,1,0
527,23,0,6,0,0,Donte Deayon,zzz,0,0,0,0,0
528,5,0,74,0,4,Donte Jackson,CB,0,0,0,1,0
529,15,3,0,18,0,Donte Moncrief,WR,0,0,668,0,0
530,8,0,3,0,0,Dontrell Hilliard,zzz,0,0,105,0,0
531,14,3,0,18,0,Dontrelle Inman,WR,0,0,304,0,0
532,9,0,13,0,0,Dorance Armstrong,DE,0,0,0,0.5,0
533,16,0,34,0,0,Dorian O'Daniel,LB,0,0,0,0,0
534,29,5,0,30,0,Doug baldwin,WR,0,0,618,0,0
535,25,4,0,24,0,Doug Martin,RB,0,723,116,0,0
536,24,0,27,0,0,Doug Middleton,FS,0,0,0,0,0
537,7,0,41,0,0,Dre Kirkpatrick,CB,0,0,0,0,0
538,21,36,0,216,0,Drew Brees,QB,3992,22,1,0,1
539,17,0,0,0,0,Drew Kaser,P,0,0,0,0,0
540,13,0,9,0,0,Duke Ejiofor,zzz,0,0,0,1,0
541,8,3,1,18,0,Duke Johnson,RB,0,201,429,0,0
542,2,0,60,0,0,Duke Riley,LB,0,0,0,0,0
543,19,0,0,0,0,Durham Smythe,TE,0,0,50,0,0
544,22,0,38,0,4,Duron Harmon,CB,0,0,0,0,0
545,16,0,0,0,0,Dustin Colquitt,P,0,0,0,0,0
546,32,0,1,103,0,Dustin Hopkins,K,0,0,0,0,0
547,22,0,1,0,0,Dwayne Allen,TE,0,0,27,0,0
548,25,0,14,0,0,Dwayne Harris,WR,0,12,40,0,0
549,21,0,3,0,0,Dwayne washington,zzz,0,154,0,0,0
550,13,0,13,0,0,Dylan Cole,zzz,0,0,0,0,0
551,10,0,12,0,1,Dymonte Thomas,zzz,0,0,0,1,0
552,8,0,13,0,1,E.J. Gaines,CB,0,0,0,0,0
553,28,0,28,0,0,Earl Mitchell,DT,0,0,0,0,0
554,29,0,22,0,3,Earl Thomas,FS,0,0,0,0,0
555,29,3,1,18,0,Ed Dickson,TE,0,9,143,0,0
556,6,0,40,0,0,Eddie Goldman,DT,0,0,0,3,0
557,6,3,51,18,6,Eddie Jackson,S,0,0,0,1,1
558,12,0,8,0,0,Eddie Pleasant,S,0,0,0,0,0
559,4,0,29,0,0,Eddie Yarbrough,zzz,0,0,0,0,0
560,5,0,8,0,1,Efe Obada,zzz,0,0,0,2,0
561,22,0,65,0,0,Elandon Roberts,LB,0,0,0,1,0
562,15,0,4,0,0,Eli Ankou,zzz,0,0,0,0,0
563,21,0,75,0,2,Eli Apple,CB,0,0,0,0,0
564,11,0,10,0,0,Eli Harold,zzz,0,0,0,4,0
565,23,22,0,132,0,Eli Manning,QB,4299,20,0,0,0
566,27,0,0,0,0,Eli Rogers,WR,0,-4,79,0,0
567,28,0,65,0,0,Elijah Lee,LB,0,0,0,1,0
568,24,4,0,24,0,Elijah McGuire,RB,0,276,193,0,0
569,10,0,0,0,0,Elijah Wilkinson,G,0,0,0,0,0
570,23,0,2,0,0,Elijhaa Penny,RB,0,25,50,0,0
571,25,0,13,0,0,Emmanuel Lamur,LB,0,0,0,0,0
572,28,0,1,0,0,Emmanuel Moseley,zzz,0,0,0,0,0
573,8,0,40,0,0,Emmanuel Ogbah,DE,0,0,0,3,0
574,10,6,0,36,0,Emmanuel Sanders,WR,28,53,868,0,0
575,12,0,0,0,0,Equanimeous St. Brown,WR,0,5,328,0,0
576,16,0,11,0,0,Eric Berry,S,0,0,0,0,0
577,14,14,0,84,0,Eric Ebron,TE,0,-8,750,0,1
578,16,0,0,0,0,Eric Fisher,T,0,0,0,0,1
579,20,0,108,0,2,Eric Kendricks,LB,0,0,0,1,0
580,6,0,0,0,0,Eric Kush,G,0,0,0,0,0
581,11,0,6,0,0,Eric Lee,zzz,0,0,0,0,0
582,16,0,55,0,1,Eric Murray,S,0,0,0,0,0
583,5,0,71,0,1,Eric Reid,FS,0,0,0,1,0
584,22,0,10,0,0,Eric Rowe,CB,0,0,0,0,0
585,2,0,3,0,0,Eric Saubert,TE,0,0,48,0,0
586,24,0,4,0,0,Eric Tomlinson,TE,0,0,72,0,0
587,3,0,68,0,0,Eric Weddle,FS,0,0,0,1,1
588,20,0,42,0,0,Eric Wilson,LB,0,0,0,2,0
589,25,0,49,0,2,Erik Harris,S,0,0,0,0,0
590,14,3,0,18,0,Erik Swoope,TE,0,0,87,0,0
591,29,0,0,0,0,Ethan Pocic,G,0,0,0,0,0
592,18,0,8,0,0,Ethan Westbrooks,zzz,0,0,0,1,0
593,14,0,0,0,0,Evan Boehm,C,0,0,0,0,0
594,23,3,0,18,0,Evan Engram,TE,0,36,577,0,0
595,32,0,9,0,0,Evander Hood,DE,0,0,0,0,0
596,20,0,33,0,0,Everson Griffen,DE,0,0,0,5.5,0
597,11,0,11,0,0,Ezekiel Ansah,DE,0,0,0,4,0
598,9,9,0,54,0,Ezekiel Elliott,RB,0,1434,567,0,1
599,32,0,58,0,1,Fabian Moreau,CB,0,0,0,0,0
600,12,0,20,0,0,Fadol Brown,DE,0,0,0,0,0
601,26,0,46,0,0,Fletcher Cox,DT,0,0,0,10.5,1
602,2,0,91,0,0,Foyesade Oluokun,LB,0,0,0,0,0
603,29,0,41,0,1,Frank Clark,DE,0,0,0,13,0
604,19,1,0,6,0,Frank Gore,RB,0,722,124,0,0
605,16,0,2,0,0,Frank Zombo,zzz,0,0,0,0,0
606,24,0,22,0,0,Frankie Luvu,LB,0,0,0,3,0
607,28,0,124,0,0,Fred Warner,LB,0,0,0,0,0
608,30,0,1,0,0,Freddie Martino,zzz,0,0,0,0,0
609,25,0,37,0,0,Frostee Rucker,DE,0,0,0,0,0
610,25,0,0,0,0,Gabe Jackson,G,0,0,0,0,0
611,25,0,1,0,0,Gabe Wright,zzz,0,0,0,0,0
612,25,1,37,6,3,Gareon Conley,CB,0,0,0,0,0
613,28,2,5,12,0,Garrett Celek,TE,0,0,90,0,0
614,5,0,0,0,0,Garrett Gilbert,QB,40,0,0,0,0
615,30,0,4,0,0,Garrison Sanborn,zzz,0,0,0,0,0
616,1,0,2,0,0,Garrison Smith,zzz,0,0,0,0,0
617,16,0,1,0,0,Gehrig Dieter,zzz,0,0,22,0,0
618,8,0,40,0,0,Genard Avery,LB,0,0,0,4.5,0
619,14,0,1,0,0,Geneo Grissom,LB,0,0,0,0,0
620,7,0,45,0,0,Geno Atkins,DT,0,0,0,10,1
621,17,0,0,0,0,Geno Smith,QB,8,2,0,0,0
622,9,1,1,6,0,Geoff Swaim,TE,0,0,242,0,0
623,29,0,0,0,0,George Fant,T,0,0,9,0,0
624,20,0,16,0,0,George Iloka,S,0,0,0,0,0
625,28,5,0,30,0,George Kittle,TE,0,10,1377,0,1
626,14,0,36,0,1,George Odum,FS,0,0,0,0,0
627,18,3,0,18,0,Gerald Everett,TE,0,16,320,0,0
628,1,0,55,0,0,Gerald Hodges,LB,0,0,0,0,0
629,30,0,28,0,0,Gerald McCoy,DT,0,0,0,6,0
630,17,0,8,0,0,Geremy Davis,zzz,0,0,0,0,0
631,12,2,0,12,0,Geronimo Allison,WR,0,0,303,0,0
632,2,0,0,23,0,Giorgio Tavecchio,K,0,0,0,0,0
633,7,3,0,18,0,Giovani Bernard,RB,0,211,218,0,0
634,11,0,74,0,0,Glover Quin,FS,0,0,0,1,0
635,28,0,2,0,0,Godwin Igwebuike,FS,0,0,0,0,0
636,26,4,0,24,0,Golden Tate,WR,0,34,795,0,0
637,2,0,52,0,0,Grady Jarrett,DT,0,0,0,6,0
638,5,0,0,72,0,Graham Gano,K,0,0,0,0,0
639,23,0,33,0,0,Grant Haley,CB,0,0,0,0,0
640,8,0,1,76,0,Greg Joseph,K,0,0,0,0,0
641,28,0,16,0,0,Greg Mabin,CB,0,0,0,0,0
642,5,4,0,24,0,Greg Olsen,TE,0,0,291,0,0
643,32,0,38,0,1,Greg Stroman,CB,0,0,0,0,0
644,5,0,0,0,0,Greg Van Roten,G,0,0,0,0,0
645,18,0,1,116,0,Greg Zuerlein,K,0,0,0,0,0
646,14,0,17,0,0,Grover Stewart,DT,0,0,0,0,0
647,3,2,0,12,0,Gus Edwards,RB,0,718,20,0,0
648,32,0,93,0,3,Ha Ha Clinton-Dix,S,0,0,0,1,0
649,1,0,80,0,0,Haason Reddick,LB,0,0,0,4,0
650,11,0,0,0,0,Hakeem Valles,TE,0,0,11,0,0
651,26,0,17,0,0,Haloti Ngata,DT,0,0,0,1,0
652,7,0,57,0,0,Hardy Nickerson,LB,0,0,0,0,0
653,31,0,44,0,0,Harold Landry,LB,0,0,0,4.5,0
654,16,0,2,137,0,Harrison Butker,K,0,0,0,0,0
655,4,0,35,0,0,Harrison phillips,zzz,0,0,0,0,0
656,20,0,84,0,3,Harrison Smith,FS,0,0,0,3,1
657,14,0,6,0,0,Hassan Ridgeway,zzz,0,0,0,0,0
658,3,1,0,6,0,Hayden Hurst,TE,0,0,163,0,0
659,17,0,18,0,0,Hayes Pullard,zzz,0,0,0,0,0
660,24,0,35,0,0,Henry Anderson,DT,0,0,0,7,0
661,20,0,36,0,1,Holton Hill,CB,0,0,0,0,0
662,12,0,1,0,0,Hunter Bradley,zzz,0,0,0,0,0
663,5,2,1,12,0,Ian Thomas,TE,0,0,333,0,0
664,24,0,19,0,0,Ibraheim Campbell,S,0,0,0,0,0
665,1,0,1,0,0,Ifeadi Odenigbo,zzz,0,0,0,0,0
666,17,0,29,0,1,Isaac Rochell,DE,0,0,0,5,0
667,10,0,20,0,1,Isaac Yiadom,CB,0,0,0,0,0
668,24,6,0,36,0,Isaiah Crowell,RB,0,685,152,0,0
669,6,0,8,0,0,Isaiah Irving,zzz,0,0,0,1,0
670,30,0,48,0,1,Isaiah Johnson,S,0,0,0,0,0
671,10,2,0,12,0,Isaiah McKenzie,WR,0,66,179,0,0
672,2,0,23,0,1,Isaiah Oliver,CB,0,0,0,0,0
673,2,4,0,24,0,Ito Smith,RB,0,315,152,0,0
674,22,0,24,0,3,J.C. Jackson,CB,0,0,0,0,0
675,29,0,2,0,0,J.D. McKissic,zzz,0,8,0,0,0
676,5,0,1,0,0,J.J. Jansen,zzz,0,0,0,0,0
677,13,0,61,0,0,J.J. Watt,DE,0,0,0,16,1
678,24,0,7,0,0,J.J. Wilcox,FS,0,0,0,0,0
679,29,0,0,0,0,J.R. Sweezy,G,0,0,0,0,0
680,21,0,2,0,0,J.T. Gray,zzz,0,0,0,0,0
681,14,0,50,0,0,Jabaal Sheard,DE,0,0,0,5.5,0
682,8,0,79,0,1,Jabrill Peppers,S,0,0,0,1,0
683,30,0,4,0,0,Jack Cichy,zzz,0,0,0,0,0
684,2,0,35,0,1,Jack Crawford,DE,0,0,0,6,0
685,14,2,0,12,0,Jack Doyle,TE,0,0,245,0,0
686,22,0,1,0,0,Jacob Hollister,WR,0,0,52,0,0
687,29,0,9,0,0,Jacob Martin,zzz,0,0,0,3,0
688,14,0,0,0,0,Jacoby Brissett,QB,2,0,0,0,0
689,25,0,3,0,0,Jacquies Smith,DE,0,0,0,0,0
690,30,1,4,6,0,Jacquizz Rodgers,zzz,0,106,304,0,0
691,13,1,47,6,0,Jadeveon Clowney,DE,0,0,0,9,1
692,17,0,75,0,1,Jahleel Addae,S,0,0,0,1,0
693,12,0,66,0,1,Jaire Alexander,CB,0,0,0,0.5,0
694,10,0,0,0,0,Jake Butt,TE,0,0,85,0,0
695,26,0,0,111,0,Jake Elliott,K,0,0,0,0,0
696,12,1,3,6,0,Jake Kumerow,WR,0,0,103,0,0
697,18,0,2,0,0,Jake McQuaide,zzz,0,0,0,0,0
698,19,2,0,12,0,Jakeem Grant,WR,0,5,268,0,0
699,20,0,13,0,0,Jaleel Johnson,DT,0,0,0,0.5,0
700,19,0,6,0,0,Jalen Davis,zzz,0,0,0,1,0
701,26,0,42,0,0,Jalen Mills,CB,0,0,0,0,0
702,15,0,65,0,3,Jalen Ramsey,CB,0,0,0,0,1
703,11,0,13,0,0,Jalen Reeves-Maybin,zzz,0,0,0,0,0
704,25,1,4,6,0,Jalen Richard,RB,0,259,607,0,0
705,1,0,0,0,0,Jalen Tolliver,WR,0,0,37,0,0
706,20,0,3,0,0,Jalyn Holmes,zzz,0,0,0,1,0
707,15,0,0,0,0,Jamaal Charles,RB,0,7,7,0,0
708,12,3,0,18,0,Jamaal Williams,RB,0,464,210,0,0
709,24,0,115,0,1,Jamal Adams,S,0,0,0,3.5,1
710,11,0,7,0,0,Jamal Agnew,zzz,0,17,0,0,0
711,10,0,18,0,0,Jamar Taylor,CB,0,0,0,0,0
712,30,20,0,120,0,Jameis Winston,QB,2992,281,0,0,0
713,5,0,70,0,1,James Bradberry,CB,0,0,0,1,0
714,8,0,8,0,0,James Burgess,LB,0,0,0,0,0
715,27,13,0,78,0,James Conner,RB,0,973,497,0,1
716,12,0,9,0,0,James Crawford,zzz,0,0,0,0,0
717,6,0,0,0,0,James Daniels,G,0,0,0,0,0
718,22,4,4,24,0,James Develin,FB,0,8,61,0,0
719,28,0,2,0,0,James Onwualu,zzz,0,0,0,0,0
720,15,0,2,0,0,James O'Shaughnessy,TE,0,0,214,0,0
721,27,1,1,6,0,James washington,WR,0,0,217,0,0
722,22,12,0,72,0,James White,RB,0,425,751,0,0
723,16,0,1,0,0,James Winchester,zzz,0,0,0,0,0
724,8,0,104,0,1,Jamie Collins,LB,0,0,0,4,0
725,32,2,0,12,0,Jamison Crowder,WR,0,30,388,0,0
726,19,0,2,0,0,Jamiyus pittman,zzz,0,0,0,0,0
727,9,0,12,0,0,Jamize Olawale,FB,0,0,13,0,0
728,23,0,70,0,2,Janoris Jenkins,CB,0,0,0,0,0
729,28,0,42,0,1,Jaquiski Tartt,FS,0,0,0,0,0
730,25,6,0,36,0,Jared Cook,TE,0,0,896,0,1
731,18,35,0,210,0,Jared Goff,QB,4688,108,0,0,1
732,5,0,1,0,0,Jared Norris,zzz,0,0,0,0,0
733,10,0,0,0,0,Jared Veldheer,T,0,0,0,0,0
734,5,1,0,6,0,Jarius Wright,FB,0,39,447,0,0
735,29,5,2,30,0,Jaron Brown,WR,0,0,166,0,0
736,11,0,100,0,0,Jarrad Davis,LB,0,0,0,6,0
737,29,0,50,0,0,Jarran Reed,DT,0,0,0,10.5,0
738,15,0,21,0,0,Jarrod Wilson,S,0,0,0,0,0
739,16,0,6,0,0,Jarvis Jenkins,zzz,0,0,0,0,0
740,8,5,0,30,0,Jarvis Landry,WR,63,60,976,0,1
741,25,0,21,0,0,Jason Cabinda,LB,0,0,0,0,0
742,4,2,3,12,0,Jason Croom,TE,0,0,259,0,0
743,22,0,70,0,1,Jason McCourty,CB,0,0,0,0,0
744,24,0,1,129,0,Jason Myers,K,0,0,0,0,1
745,30,0,58,0,0,Jason Pierre-Paul,DE,0,0,0,12.5,0
746,19,0,0,89,0,Jason Sanders,K,0,0,0,0,0
747,17,0,97,0,0,Jatavis Brown,LB,0,0,0,1,0
748,30,0,24,0,1,Javien Elliott,CB,0,0,0,0,0
749,27,0,49,0,0,Javon Hargrave,DT,0,0,0,6.5,0
750,6,0,0,0,0,Javon Wims,WR,0,0,32,0,0
751,3,5,4,30,0,Javorius Allen,zzz,0,110,196,0,0
752,22,0,14,0,1,Ja'Whaun Bentley,DE,0,0,0,0,0
753,23,0,2,0,0,Jawill Davis,zzz,0,0,40,0,0
754,26,3,0,18,0,Jay Ajayi,RB,0,184,20,0,0
755,21,0,4,0,0,Jay Bromley,zzz,0,0,0,0,0
756,27,3,0,18,0,Jaylen Samuels,RB,0,256,199,0,0
757,9,1,121,6,0,Jaylon Smith,LB,0,0,0,4,0
758,31,1,97,6,1,Jayon Brown,LB,0,0,0,6,0
759,20,0,32,0,0,Jayron Kearse,CB,0,0,0,0.5,0
760,7,8,0,48,0,Jeff Driskel,QB,1003,130,0,0,0
761,9,0,85,0,1,Jeff Heath,FS,0,3,0,0,0
762,10,2,0,12,0,Jeff Heuerman,TE,0,0,281,0,0
763,10,0,6,0,0,Jeff Holland,zzz,0,0,0,0,0
764,17,0,5,0,0,Jeff Richards,zzz,0,0,0,0,0
765,28,0,1,0,0,Jeff Wilson,RB,0,266,98,0,0
766,32,0,3,0,0,Jehu Chesson,zzz,0,-4,7,0,0
767,30,0,3,0,0,Jerel Worthy,zzz,0,0,0,0,0
768,24,0,9,0,0,Jeremiah Attaochu,zzz,0,0,0,2,0
769,30,0,1,0,0,Jeremiah Ledbetter,zzz,0,0,0,0,0
770,8,0,1,0,0,Jeremiah McKinnon,zzz,0,0,0,0,0
771,22,0,0,0,0,Jeremy Hill,RB,0,25,6,0,0
772,4,0,0,0,0,Jeremy Kerley,WR,0,0,7,0,0
773,2,0,2,0,0,Jeremy Langford,zzz,0,25,0,0,0
774,31,0,0,0,0,Jeremy McNichols,RB,0,8,0,0,0
775,32,1,0,6,0,Jeremy Sprinkle,TE,0,0,41,0,0
776,5,0,13,0,0,Jermaine carter,LB,0,0,0,0,0
777,1,0,0,0,0,Jermaine Gresham,TE,0,0,94,0,0
778,24,1,0,6,0,Jermaine Kearse,WR,0,0,371,0,0
779,8,0,24,0,0,Jermaine Whitehead,S,0,0,0,1,0
780,15,0,0,0,0,Jermey Parnell,T,0,0,0,0,0
781,19,1,79,6,1,Jerome Baker,LB,0,0,0,3,0
782,4,0,37,0,0,Jerry Hughes,DE,0,0,0,7,0
783,19,0,0,0,0,Jesse Davis,CB,0,0,0,0,0
784,27,2,0,12,0,Jesse James,TE,0,0,423,0,0
785,7,1,111,6,3,Jessie Bates,FS,0,0,0,0,0
786,14,0,4,0,0,Jihad Ward,zzz,0,0,0,3,0
787,28,0,24,0,0,Jimmie Ward,CB,0,0,0,0,0
788,28,5,0,30,0,Jimmy Garoppolo,QB,718,33,0,0,0
789,12,2,0,12,0,Jimmy Graham,TE,0,0,636,0,0
790,3,0,45,0,2,Jimmy Smith,CB,0,0,0,0,0
791,17,0,0,0,0,JJ Jones,WR,0,0,3,0,0
792,1,0,0,0,0,JJ Nelson,WR,0,0,64,0,0
793,12,0,2,0,0,JK Scott,P,0,0,0,0,0
794,12,0,2,0,0,J'Mon Moore,zzz,0,0,15,0,0
795,22,0,1,0,0,Joe cardona,zzz,0,0,0,0,0
796,3,12,0,72,0,Joe Flacco,QB,2465,45,0,0,0
797,27,0,63,0,2,Joe Haden,CB,0,0,0,0,0
798,7,9,0,54,0,Joe Mixon,RB,0,1168,296,0,0
799,8,0,103,0,1,Joe Schobert,LB,0,0,0,3,0
800,9,0,14,0,0,Joe Thomas,zzz,0,0,0,0,0
801,1,0,7,0,0,Joe Walker,zzz,0,0,0,0,0
802,13,0,3,0,0,Joe Webb,zzz,0,0,13,0,0
803,8,0,0,0,0,Joel Bitonio,G,0,0,0,0,1
804,13,0,2,0,0,Joel Heath,zzz,0,0,0,0,0
805,6,0,9,0,0,Joel Iyiegbuniwe,zzz,0,0,0,0,0
806,17,0,23,0,0,Joey Bosa,DE,0,0,0,5.5,0
807,11,0,2,0,0,John Atkins,zzz,0,0,0,0,0
808,3,5,0,30,0,John Brown,WR,0,4,715,0,0
809,19,0,4,0,0,John denney,zzz,0,0,0,0,0
810,18,0,10,0,0,John Franklin-Myers,zzz,0,0,0,2,0
811,18,0,119,0,4,John Johnson,S,0,0,0,0,0
812,18,0,0,0,0,John Kelly,RB,0,74,27,0,0
813,1,0,0,0,0,John phillips,TE,0,0,38,0,0
814,7,7,0,42,0,John Ross,WR,0,9,210,0,0
815,22,0,17,0,0,John Simon,DE,0,0,0,2,0
816,18,0,0,0,0,John Sullivan,C,0,0,0,0,0
817,25,0,36,0,0,Johnathan Hankins,DT,0,0,0,0,0
818,13,1,58,6,2,Johnathan Joseph,CB,0,0,0,0,0
819,18,0,1,4,0,Johnny Hekker,P,19,3,0,0,0
820,18,0,0,0,0,Johnny Mundt,TE,0,0,5,0,0
821,25,0,0,0,0,Johnny Townsend,P,0,42,0,0,0
822,13,0,10,0,0,Johnson Bademosi,zzz,0,0,0,0,0
823,18,0,1,0,0,Jojo Natson,zzz,0,0,0,0,0
824,13,0,1,0,0,Jon Weeks,zzz,0,0,0,0,0
825,32,0,61,0,0,Jonathan Allen,DE,0,0,0,8,0
826,27,0,73,0,0,Jonathan Bostic,LB,0,0,0,2.5,0
827,6,0,18,0,0,Jonathan Bullard,DE,0,0,0,0,0
828,22,0,56,0,3,Jonathan Jones,CB,0,0,0,1.5,0
829,23,0,0,0,0,Jonathan Stewart,RB,0,17,0,0,0
830,21,0,0,0,0,Jonathan Williams,RB,0,0,1,0,0
831,19,0,10,0,0,Jonathan Woodard,zzz,0,0,0,1,0
832,31,3,0,18,0,Jonnu Smith,TE,0,0,258,0,0
833,13,0,0,0,0,Jordan Akins,TE,0,0,225,0,0
834,27,0,0,0,0,Jordan Berry,P,0,0,0,0,0
835,27,0,7,0,0,Jordan Dangerfield,FS,0,0,0,0,0
836,7,0,61,0,1,Jordan Evans,LB,0,0,0,1.5,0
837,7,0,1,0,0,Jordan Franks,zzz,0,0,37,0,0
838,26,0,91,0,0,Jordan Hicks,LB,0,0,0,3,0
839,6,9,0,54,0,Jordan Howard,RB,0,935,145,0,0
840,24,0,35,0,0,Jordan Jenkins,LB,0,0,0,7,0
841,24,1,0,6,0,Jordan Leggett,TE,0,0,114,0,0
842,16,0,32,0,1,Jordan Lucas,S,0,0,0,1,0
843,26,2,0,12,0,Jordan Matthews,WR,0,0,300,0,0
844,4,0,24,0,0,Jordan phillips,DT,0,0,0,1,0
845,4,0,100,0,4,Jordan Poyer,FS,0,0,0,2,0
846,32,2,0,12,0,Jordan Reed,TE,0,0,558,0,0
847,2,0,39,0,0,Jordan Richards,S,0,0,0,0,0
848,13,4,0,24,0,Jordan Thomas,TE,0,0,215,0,0
849,30,0,76,0,0,Jordan Whitehead,S,0,0,0,0,0
850,14,1,0,6,0,Jordan Wilkins,RB,0,336,85,0,0
851,7,0,20,0,0,Jordan Willis,DE,0,0,0,1,0
852,25,3,0,18,0,Jordy Nelson,WR,0,-2,739,0,0
853,10,0,15,0,0,Joseph Jones,zzz,0,0,0,0,0
854,10,0,58,0,0,Josey Jewell,LB,0,0,0,0,0
855,26,3,1,18,0,Josh Adams,RB,0,511,58,0,0
856,4,18,0,108,0,Josh Allen,QB,2074,631,0,0,0
857,6,1,3,6,0,Josh Bellamy,WR,0,0,117,0,0
858,1,1,75,6,0,Josh Bynes,LB,0,0,0,2,0
859,32,2,0,12,0,Josh Doctson,WR,0,0,532,0,0
860,22,4,0,24,0,Josh Gordon,WR,0,0,737,0,0
861,32,0,22,0,0,Josh Harvey-clemons,zzz,0,0,0,1,0
862,21,1,0,6,0,Josh Hill,TE,0,0,185,0,0
863,12,0,49,0,0,Josh Jackson,CB,0,0,0,0,0
864,32,4,0,24,0,Josh Johnson,QB,590,120,0,0,0
865,12,0,55,0,0,Josh Jones,S,0,0,0,1,0
866,13,0,5,0,0,Josh Keyes,zzz,0,0,0,0,0
867,15,0,0,76,0,Josh Lambo,K,0,0,0,0,0
868,7,0,0,0,0,Josh Malone,WR,0,0,12,0,0
869,24,0,1,0,0,Josh Martin,zzz,0,0,0,0,0
870,23,0,28,0,0,Josh Mauro,DT,0,0,0,1,0
871,24,1,0,6,0,Josh McCown,QB,539,32,0,0,0
872,32,0,64,0,3,Josh norman,CB,0,0,0,0,0
873,18,5,1,30,0,Josh Reynolds,WR,0,8,402,0,0
874,21,0,6,0,0,Josh Robinson,zzz,0,0,0,0,0
875,1,11,0,66,0,Josh Rosen,QB,2278,138,0,0,0
876,30,0,12,0,0,Josh Shaw,CB,0,0,0,0,0
877,26,0,1,0,0,Josh Sweat,zzz,0,0,0,0,0
878,7,0,9,0,0,Josh Tupou,zzz,0,0,0,0,0
879,15,0,0,0,0,Josh Walker,T,0,0,0,0,0
880,27,0,0,0,0,Joshua Dobbs,QB,43,11,0,0,0
881,32,0,2,0,0,Joshua Holsey,zzz,0,0,0,0,0
882,31,0,4,0,0,Joshua Kalu,zzz,0,0,0,0,0
883,26,0,2,0,0,Joshua Perkins,TE,0,0,67,0,0
884,9,0,12,0,1,Jourdan Lewis,CB,0,12,0,0,0
885,27,7,0,42,0,JuJu Smith-Schuster,WR,0,13,1426,0,1
886,22,6,0,36,0,Julian Edelman,WR,43,107,850,0,0
887,4,0,15,0,0,Julian Stanford,LB,0,0,0,1,0
888,13,0,0,0,0,Julie'n Davenport,T,0,0,0,0,0
889,2,8,0,48,0,Julio Jones,WR,0,12,1677,0,1
890,5,0,22,0,0,Julius Peppers,DE,0,0,0,5,0
891,28,0,7,0,0,Jullian Taylor,zzz,0,0,0,0,0
892,31,0,62,0,0,Jurrell Casey,DT,0,0,0,7,1
893,2,0,14,0,0,Justin Bethel,zzz,0,0,0,0,0
894,29,1,55,6,1,Justin Coleman,CB,0,0,0,0.5,0
895,18,0,3,0,0,Justin Davis,zzz,0,19,0,0,0
896,25,0,7,0,0,Justin Ellis,DT,0,0,0,0,0
897,30,1,59,6,1,Justin Evans,S,0,0,0,0,0
898,21,0,19,0,1,Justin Hardee,zzz,0,0,10,0,0
899,2,2,2,12,0,Justin Hardy,zzz,0,0,133,0,0
900,16,0,37,0,1,Justin houston,LB,0,0,0,9,0
901,27,0,0,0,0,Justin Hunter,WR,0,0,21,0,0
902,17,2,5,12,0,Justin Jackson,RB,0,206,135,0,0
903,17,0,17,0,0,Justin Jones,zzz,0,0,0,0.5,0
904,18,0,6,0,0,Justin Lawler,zzz,0,0,0,0,0
905,9,0,4,0,0,Justin March-Lillard,zzz,0,0,0,0,0
906,13,1,88,6,3,Justin Reid,S,0,0,0,0,0
907,10,0,97,0,3,Justin Simmons,FS,0,0,0,0,0
908,3,0,0,141,0,Justin Tucker,K,0,0,0,0,1
909,30,0,6,0,0,Justin Watson,zzz,0,0,5,0,0
910,8,0,2,0,0,Juston Burris,CB,0,0,0,0,0
911,29,0,23,0,0,K.J. Wright,LB,0,0,0,0,0
912,23,0,1,0,0,Kaelin Clay,zzz,0,0,0,0,0
913,15,0,0,15,0,Kai Forbath,K,0,0,0,0,0
914,13,0,1,150,0,Ka'imi Fairbairn,K,0,0,0,0,0
915,19,1,3,6,0,Kalen ballage,zzz,0,191,56,0,0
916,31,0,19,0,0,Kamalei Correa,LB,0,0,0,3.5,0
917,26,0,0,0,0,Kamar Aiken,WR,0,0,53,0,0
918,27,0,1,0,0,Kameron Canaday,zzz,0,0,0,0,0
919,26,0,45,0,1,Kamu Grugier-Hill,LB,0,0,0,1,0
920,12,4,1,24,0,Kapri Bibbs,RB,0,103,115,0,0
921,16,14,0,84,0,Kareem Hunt,RB,0,824,378,0,0
922,13,0,87,0,2,Kareem Jackson,CB,0,0,0,1,0
923,23,0,48,0,0,Kareem Martin,LB,0,0,0,1.5,0
924,25,0,48,0,1,Karl Joseph,S,0,0,0,2,0
925,9,0,23,0,0,Kavon Frazier,FS,0,0,0,1,0
926,5,0,42,0,0,Kawann Short,DT,0,0,0,3,1
927,13,0,1,0,0,Kayvon Webster,CB,0,0,0,0,0
928,2,0,2,0,0,Keanu Neal,S,0,0,0,0,0
929,15,1,0,6,0,Keelan Cole,WR,0,0,491,0,0
930,17,6,0,36,0,Keenan Allen,WR,0,75,1196,0,1
931,22,0,14,0,0,Keion Crossen,zzz,0,0,0,0,0
932,22,0,6,0,0,Keionta Davis,DE,0,0,0,0,0
933,10,0,5,0,0,Keishawn Bierria,zzz,0,0,0,0,0
934,4,0,0,0,0,Keith Ford,RB,0,79,21,0,0
935,21,2,1,12,0,Keith Kirkwood,WR,0,0,209,0,0
936,25,0,8,0,0,Keith Smith,FB,0,0,23,0,0
937,2,0,2,0,0,Keith Tandy,zzz,0,0,0,0,0
938,7,0,12,0,0,KeiVarae Russell,CB,0,0,0,0,0
939,13,1,0,6,0,Keke Coutee,WR,0,0,287,0,0
940,16,1,0,6,0,Kelvin Benjamin,WR,0,0,380,0,0
941,11,0,5,0,0,Kelvin Sheppard,LB,0,0,0,0,0
942,2,0,21,0,0,Kemal Ishmael,zzz,0,0,0,0,0
943,14,0,15,0,0,Kemoko Turay,DE,0,0,0,4,0
944,21,0,31,0,0,Ken Crawley,CB,0,0,0,0,0
945,16,0,82,0,2,Kendall Fuller,CB,0,0,0,0,0
946,28,4,0,24,0,Kendrick Bourne,WR,0,0,487,0,0
947,31,0,27,0,0,Kendrick Lewis,S,0,0,0,0,0
948,22,0,1,0,0,Kenjon Barner,RB,0,71,3,0,0
949,3,2,0,12,0,Kenneth Dixon,RB,0,333,51,0,0
950,12,0,55,0,0,Kenny Clark,DE,0,0,0,6,0
951,11,5,0,30,0,Kenny Golladay,WR,0,8,1063,0,0
952,32,0,9,0,0,Kenny Ladler,FS,0,0,0,0,0
953,14,0,77,0,3,Kenny Moore,CB,0,0,0,1.5,0
954,19,7,0,42,0,Kenny Stills,WR,3,0,553,0,0
955,31,0,58,0,1,Kenny Vaccaro,S,0,0,0,2,0
956,3,0,51,0,0,Kenny Young,LB,0,0,0,2.5,0
957,12,0,50,0,0,Kentrell Brice,S,0,0,0,1,0
958,20,0,10,0,0,Kentrell Brothers,zzz,0,0,0,1,0
959,19,9,0,54,0,Kenyan Drake,RB,0,535,477,0,0
960,25,0,1,0,0,Keon Hatcher,zzz,0,0,8,0,0
961,11,0,6,0,0,Kerry Hyder,zzz,0,0,0,1,0
962,23,0,39,0,0,Kerry Wynn,DE,0,0,0,1.5,0
963,11,4,0,24,0,Kerryon Johnson,RB,0,641,213,0,0
964,31,1,90,6,4,Kevin Byard,FS,66,0,0,2,0
965,7,0,0,0,0,Kevin Huber,P,0,0,0,0,0
966,13,0,4,0,0,Kevin Johnson,CB,0,0,0,0,0
967,12,0,17,0,1,Kevin King,CB,0,0,0,0,0
968,30,0,10,0,0,Kevin minter,zzz,0,0,0,1,0
969,24,0,7,0,0,Kevin Pierre-Louis,zzz,0,0,0,1,0
970,6,0,16,0,0,Kevin Toliver,CB,0,0,0,0,0
971,6,0,0,0,0,Kevin White,WR,0,0,92,0,0
972,18,0,5,0,0,KhaDarel Hodge,zzz,0,0,17,0,0
973,6,1,47,6,1,Khalil Mack,LB,0,0,0,12.5,1
974,4,0,0,0,0,Khari Lee,TE,0,0,5,0,0
975,19,0,125,0,3,Kiko Alonso,LB,0,0,0,0,0
976,20,31,0,186,0,Kirk Cousins,QB,4298,123,-1,0,0
977,25,0,2,0,0,Kony Ealy,zzz,0,0,0,0,0
978,12,0,3,0,0,Korey Toomer,zzz,0,0,0,0,0
979,21,0,32,0,0,Kurt Coleman,S,0,0,0,0,0
980,28,0,45,0,0,K'Waun Williams,CB,0,0,0,0,0
981,30,0,45,0,0,Kwon Alexander,LB,0,0,0,1,0
982,5,3,0,18,0,Kyle Allen,QB,266,19,0,0,0
983,17,1,30,6,0,Kyle Emanuel,LB,0,0,0,1,0
984,32,0,0,0,0,Kyle Fuller,zzz,0,0,0,0,0
985,6,0,55,0,7,Kyle Fuller,CB,0,0,0,0,1
986,28,1,0,6,0,Kyle Juszczyk,FB,0,30,324,0,1
987,23,0,0,0,0,Kyle Lauletta,QB,0,0,0,0,0
988,5,0,19,0,0,Kyle Love,DT,0,0,0,1.5,0
989,20,4,0,24,0,Kyle Rudolph,TE,0,0,634,0,0
990,22,1,92,6,1,Kyle Van Noy,LB,0,0,0,3.5,0
991,25,0,15,0,0,Kyle Wilber,zzz,0,0,0,0,0
992,4,0,35,0,0,Kyle Williams,DT,0,0,9,5,1
993,17,0,2,0,0,Kyle Wilson,zzz,0,0,0,0,0
994,12,0,42,0,0,Kyler Fackrell,LB,0,0,0,10.5,0
995,17,0,17,0,1,Kyzir White,LB,0,0,0,0,0
996,27,1,48,6,0,L.J. Fort,LB,0,0,0,1,0
997,9,0,3,0,0,L.P. Ladouceur,zzz,0,0,0,0,0
998,24,0,0,0,0,lac Edwards,P,0,0,0,0,0
999,9,0,0,0,0,La'el Collins,T,0,0,0,0,0
1000,4,0,9,0,0,Lafayette Pitts,zzz,0,0,0,0,0
1001,28,0,0,0,0,Laken Tomlinson,G,0,0,0,0,0
1002,3,11,0,66,0,Lamar Jackson,QB,1201,695,0,0,0
1003,13,6,0,36,0,Lamar Miller,RB,0,973,163,0,1
1004,18,0,78,0,1,Lamarcus Joyner,FS,0,0,0,1,0
1005,12,1,1,6,0,Lance Kendricks,TE,0,0,170,0,0
1006,9,0,1,0,0,Lance Lenoir,zzz,0,0,0,0,0
1007,23,0,96,0,0,Landon Collins,S,0,0,0,0,1
1008,20,1,0,6,0,Laquon Treadwell,WR,0,0,302,0,0
1009,26,0,6,0,0,laroy Reynolds,zzz,0,0,0,0,0
1010,1,7,0,42,0,larry Fitzgerald,WR,32,0,734,0,0
1011,8,0,52,0,0,larry Ogunjobi,DT,0,0,0,5.5,0
1012,20,6,0,36,0,Latavius Murray,RB,0,578,141,0,0
1013,30,0,120,0,0,Lavonte David,LB,0,0,0,3.5,0
1014,22,0,59,0,0,Lawrence Guy,DT,0,0,0,1,0
1015,25,3,1,18,0,Lee Smith,TE,0,0,73,0,0
1016,11,5,0,30,0,LeGarrette Blount,RB,0,418,67,0,0
1017,9,0,140,0,2,Leighton Vander Esch,LB,0,0,0,0,1
1018,11,0,9,0,0,Lenzy Pipkins,CB,0,0,0,0,0
1019,25,0,25,0,0,Leon Hall,CB,0,0,0,0,0
1020,15,0,21,0,0,Leon Jacobs,LB,0,0,0,0,0
1021,6,1,47,6,1,Leonard Floyd,LB,0,0,0,4,0
1022,15,6,0,36,0,Leonard Fournette,RB,0,439,185,0,0
1023,1,0,10,0,0,Leonard Johnson,CB,0,0,0,0,0
1024,24,0,42,0,0,Leonard Williams,DE,0,0,0,5,0
1025,19,1,2,6,0,Leonte carroo,zzz,0,14,94,0,0
1026,15,0,9,0,0,Lerentee McCray,zzz,0,0,0,1,0
1027,4,3,0,18,0,Lesean McCoy,RB,0,514,238,0,0
1028,31,0,22,0,0,LeShaun Sims,CB,0,0,0,0,0
1029,27,0,2,0,0,Leterrius Walton,zzz,0,0,0,0,0
1030,4,0,37,0,0,Levi Wallace,CB,0,0,0,0,0
1031,11,1,0,6,0,Levine Toilolo,TE,0,0,263,0,0
1032,20,1,58,6,0,Linval Joseph,DT,0,0,0,1,0
1033,15,0,0,0,0,Logan Cooke,P,4,0,0,0,0
1034,2,1,1,6,0,Logan Paulsen,TE,0,0,91,0,0
1035,31,0,76,0,0,Logan Ryan,CB,0,0,0,4,0
1036,4,0,3,0,0,Logan Thomas,TE,15,0,77,0,0
1037,4,0,74,0,2,Lorenzo Alexander,LB,0,0,0,6.5,0
1038,23,0,43,0,0,Lorenzo carter,LB,0,0,0,4,0
1039,5,0,1,0,0,Lorenzo Doss,zzz,0,0,0,0,0
1040,5,0,130,0,1,Luke Kuechly,LB,0,0,0,2,1
1041,14,0,4,0,0,Luke Rhodes,zzz,0,0,0,0,0
1042,31,2,1,12,0,Luke Stocker,TE,0,0,165,0,0
1043,11,0,0,0,0,Luke Willson,TE,0,0,87,0,0
1044,15,0,2,0,0,Lyndon Johnson,zzz,0,0,0,0,0
1045,30,0,33,0,0,M.J. Stewart,CB,0,0,0,0,0
1046,20,0,43,0,0,Mackensie Alexander,CB,0,0,0,4,0
1047,18,1,2,6,0,Malcolm Brown,zzz,0,212,52,0,0
1048,31,1,69,6,3,Malcolm Butler,CB,0,0,0,1,0
1049,26,0,97,0,1,Malcolm Jenkins,S,0,0,0,1,1
1050,28,0,35,0,0,Malcolm Smith,LB,0,0,0,0,0
1051,22,0,39,0,0,Malcom Brown,DE,0,0,0,0,0
1052,9,0,19,0,0,Maliek Collins,DT,0,0,0,3,0
1053,14,0,44,0,2,Malik Hooker,FS,0,0,0,0,0
1054,15,0,32,0,0,Malik Jackson,DT,0,0,0,3.5,0
1055,7,0,10,0,0,Malik Jefferson,zzz,0,0,0,0,0
1056,29,0,0,0,0,Malik Turner,WR,0,0,20,0,0
1057,21,0,18,0,0,Manti Te'o,LB,0,0,0,0,0
1058,12,0,0,0,0,Marcedes Lewis,TE,0,0,39,0,0
1059,25,1,0,6,0,Marcell Ateman,WR,0,0,154,0,0
1060,15,0,32,0,0,Marcell Dareus,DT,0,0,0,1,0
1061,28,0,34,0,0,Marcell Harris,S,0,0,0,0,0
1062,27,0,2,0,0,Marcus Allen,zzz,0,0,0,0,0
1063,11,0,1,0,0,Marcus Cooper,CB,0,0,0,0,0
1064,21,0,22,0,0,Marcus Davenport,zzz,0,0,0,4.5,0
1065,25,0,58,0,3,Marcus Gilchrist,CB,0,0,0,0,0
1066,14,1,1,6,0,Marcus Johnson,zzz,0,-2,102,0,0
1067,16,0,6,0,0,Marcus Kemp,zzz,0,0,7,0,0
1068,31,13,0,78,0,Marcus Mariota,QB,2528,357,21,0,0
1069,24,0,34,0,1,Marcus Maye,FS,0,0,0,0.5,0
1070,4,0,1,0,0,Marcus Murphy,RB,0,250,26,0,0
1071,18,1,43,6,3,Marcus Peters,CB,0,0,0,0,0
1072,21,0,59,0,2,Marcus Williams,FS,0,0,0,1,0
1073,14,0,30,0,0,Margus Hunt,DE,0,0,0,5,0
1074,5,0,35,0,0,Mario Addison,DE,0,0,0,9,0
1075,23,0,14,0,0,Mario Edwards,zzz,0,0,0,2,0
1076,3,3,0,18,0,Mark Andrews,TE,0,0,552,0,0
1077,18,0,60,0,0,Mark Barron,LB,0,0,0,1,0
1078,21,7,0,42,0,Mark Ingram,RB,0,645,170,0,0
1079,28,0,22,0,0,Mark Nzeocha,LB,0,0,0,1,0
1080,32,0,0,0,0,Mark Sanchez,QB,138,8,0,0,0
1081,7,0,5,0,0,Mark Walton,zzz,0,34,41,0,0
1082,1,0,30,0,0,Markus Golden,DE,0,0,0,2.5,0
1083,3,0,37,0,2,Marlon Humphrey,CB,0,0,0,0,0
1084,14,10,0,60,0,Marlon Mack,RB,0,908,103,0,0
1085,25,0,68,0,0,Marquel Lee,LB,0,0,0,0,0
1086,10,0,0,0,0,Marquette King,P,0,0,0,0,0
1087,12,2,2,12,0,Marquez Valdes-Scantling,WR,0,29,581,0,0
1088,18,0,36,0,0,Marqui Christian,zzz,0,0,0,0,0
1089,11,0,2,0,0,Marquis Flowers,zzz,0,0,0,0,0
1090,5,0,4,0,0,Marquis Haynes,zzz,0,0,0,0,0
1091,28,4,0,24,0,Marquise Goodwin,WR,0,9,395,0,0
1092,3,0,0,0,0,Marshal Yanda,G,0,0,0,0,1
1093,25,3,0,18,0,Marshawn Lynch,RB,0,376,84,0,0
1094,21,0,59,0,2,Marshon Lattimore,CB,0,0,0,0,0
1095,25,0,0,0,0,Martavis Bryant,WR,0,23,266,0,0
1096,19,0,3,0,0,Martrell Spaight,LB,0,0,0,0,0
1097,2,1,4,6,0,Marvin Hall,zzz,0,0,149,0,0
1098,11,5,0,30,0,Marvin Jones,WR,0,0,508,0,0
1099,1,0,0,0,0,Mason Cole,C,0,0,0,0,0
1100,12,0,0,124,0,Mason Crosby,K,0,0,0,0,0
1101,32,0,131,0,2,Mason Foster,LB,0,0,0,1,0
1102,4,2,0,12,0,Matt Barkley,QB,232,0,0,0,0
1103,28,5,0,30,0,Matt Breida,RB,0,814,261,0,0
1104,2,0,0,93,0,Matt Bryant,K,0,0,0,0,0
1105,11,0,0,0,0,Matt Cassel,QB,59,13,0,0,0
1106,4,0,1,0,0,Matt Darr,P,0,0,0,0,0
1107,31,0,3,0,0,Matt Dickerson,zzz,0,0,0,0,0
1108,32,0,0,0,0,Matt Flanagan,WR,0,0,14,0,0
1109,19,0,1,0,0,Matt Haack,P,0,0,0,0,0
1110,3,0,44,0,0,Matt Judon,LB,0,0,0,7,0
1111,10,1,0,6,0,Matt lacosse,TE,0,0,250,0,0
1112,7,1,1,6,0,Matt Lengel,TE,0,0,17,0,0
1113,18,0,17,0,0,Matt Longacre,LB,0,0,0,1,0
1114,4,0,78,0,3,Matt Milano,LB,0,0,0,1,0
1115,15,0,1,0,0,Matt Overton,zzz,0,0,0,0,0
1116,10,0,0,0,0,Matt Paradis,C,0,0,0,0,0
1117,11,1,0,120,0,Matt Prater,K,8,0,0,0,0
1118,2,39,0,234,0,Matt Ryan,QB,4924,125,5,0,0
1119,2,0,0,0,0,Matt Schaub,QB,20,0,0,0,0
1120,20,0,0,0,0,Matt Wile,P,0,0,0,0,0
1121,14,0,33,0,0,Matthew Adams,LB,0,0,0,0,0
1122,2,0,3,0,0,Matthew Bosher,P,0,0,0,0,0
1123,28,0,2,0,0,Matthew Dayes,zzz,0,0,0,0,0
1124,32,0,31,0,0,Matthew Ioannidis,DE,0,0,0,7.5,0
1125,25,0,0,33,0,Matthew McCrane,K,0,0,0,0,0
1126,22,0,11,0,0,Matthew Slater,zzz,0,0,0,0,0
1127,11,21,0,126,0,Matthew Stafford,QB,3777,71,0,0,0
1128,27,0,4,0,0,Matthew Thomas,zzz,0,0,0,0,0
1129,14,0,19,0,1,Matthias Farley,S,0,0,0,0,0
1130,29,0,10,0,0,Maurice Alexander,zzz,0,0,0,0,0
1131,3,0,5,0,0,Maurice Canady,zzz,0,0,0,0,0
1132,32,0,0,0,0,Maurice Harris,WR,0,10,304,0,0
1133,25,0,31,0,0,Maurice Hurst,DT,0,0,0,4,0
1134,19,0,5,0,0,Maurice Smith,zzz,0,0,0,0,0
1135,3,1,3,6,0,Maxx Williams,TE,0,8,143,0,0
1136,17,14,0,84,0,Melvin Gordon,RB,0,885,490,0,1
1137,17,0,43,0,1,Melvin Ingram,DE,0,0,0,7,1
1138,4,0,58,0,2,Micah Hyde,S,0,0,0,0,0
1139,18,0,4,0,0,Micah Kiser,zzz,0,0,0,0,0
1140,17,0,2,72,0,Michael Badgley,K,0,0,0,0,0
1141,26,0,34,0,0,Michael Bennett,DE,0,0,0,9,0
1142,18,0,54,0,0,Michael Brockers,DE,0,0,0,1,0
1143,6,0,1,0,0,Michael Burton,FB,0,0,6,0,0
1144,3,3,0,18,0,Michael Crabtree,WR,0,0,607,0,0
1145,17,0,50,0,0,Michael Davis,CB,0,0,0,0,0
1146,29,0,0,0,0,Michael Dickson,P,0,9,0,0,1
1147,32,1,0,6,0,Michael Floyd,WR,0,0,100,0,0
1148,9,2,0,12,0,Michael Gallup,WR,0,0,507,0,0
1149,7,1,33,6,1,Michael Johnson,DE,0,0,0,0.5,0
1150,5,0,0,0,0,Michael Palardy,P,0,0,0,0,0
1151,28,0,0,0,0,Michael Person,G,0,0,0,0,0
1152,3,0,32,0,0,Michael Pierce,DT,0,0,0,0,0
1153,11,3,0,18,0,Michael Roberts,TE,0,0,100,0,0
1154,23,9,59,54,2,Michael Thomas,CB,0,0,1405,1,1
1155,21,9,0,54,0,Michael Thomas,WR,0,0,1405,0,1
1156,13,0,5,0,0,Michael Tyson,S,0,0,0,0,0
1157,5,0,75,0,3,Mike Adams,FS,0,0,0,0,0
1158,20,0,0,0,0,Mike Boone,RB,0,47,1,0,0
1159,12,0,18,0,0,Mike Daniels,DE,0,0,0,2,0
1160,29,5,1,30,0,Mike Davis,RB,0,514,214,0,0
1161,30,9,0,54,0,Mike Evans,WR,0,0,1524,0,1
1162,11,0,25,0,0,Mike Ford,CB,0,0,0,0,0
1163,19,0,0,0,0,Mike Gesicki,TE,0,0,202,0,0
1164,21,0,3,0,0,Mike Gillislee,zzz,0,43,9,0,0
1165,1,1,0,6,0,Mike Glennon,QB,174,0,0,0,0
1166,27,0,57,0,1,Mike Hilton,CB,0,0,0,1,0
1167,20,1,22,6,1,Mike Hughes,CB,0,0,0,0,0
1168,19,0,9,0,0,Mike Hull,LB,0,0,0,0,0
1169,4,0,5,0,0,Mike Love,zzz,0,0,0,0,0
1170,28,0,0,0,0,Mike McGlinchey,T,0,0,0,0,0
1171,14,0,28,0,1,Mike Mitchell,FS,0,0,0,0,0
1172,25,0,0,22,0,Mike Nugent,K,0,0,0,0,0
1173,24,0,27,0,0,Mike Pennel,DE,0,0,0,0,0
1174,17,11,0,66,0,Mike Williams,WR,0,28,664,0,0
1175,17,0,1,0,0,Mike Windt,zzz,0,0,0,0,0
1176,11,0,7,0,0,Miles Killebrew,zzz,0,0,0,0,0
1177,19,1,80,6,2,minkah Fitzpatrick,CB,0,0,0,0,0
1178,6,27,0,162,0,Mitchell Trubisky,QB,3223,421,0,0,1
1179,14,2,0,12,0,Mo Alie-Cox,TE,0,0,133,0,0
1180,2,5,0,30,0,Mohamed Sanu,WR,5,44,838,0,0
1181,32,0,41,0,0,Montae Nicholson,S,0,0,0,0,0
1182,12,0,20,0,0,Montravius Adams,DE,0,0,0,1.5,0
1183,27,0,30,0,0,Morgan Burnett,S,0,0,0,0,0
1184,3,0,1,0,0,Morgan Cox,zzz,0,0,0,0,0
1185,32,0,0,0,0,Morgan Moses,T,0,0,0,0,0
1186,24,1,57,6,2,Morris Claiborne,CB,0,0,0,0,0
1187,12,0,5,0,0,Muhammad Wilkerson,DE,0,0,0,0,0
1188,29,0,19,0,0,Mychal Kendricks,LB,0,0,0,2,0
1189,31,1,1,6,0,MyCole Pruitt,TE,0,0,102,0,0
1190,8,0,44,0,0,Myles Garrett,DE,0,0,0,13.5,1
1191,15,1,107,6,1,Myles Jack,LB,0,0,0,2.5,0
1192,14,0,15,0,1,Najee Goode,zzz,0,0,0,0,0
1193,27,0,3,0,0,Nat Berhe,zzz,0,0,0,0,0
1194,22,0,13,0,0,Nate Ebner,zzz,0,0,0,0,0
1195,14,0,30,0,0,Nate Hairston,CB,0,0,0,0,0
1196,16,0,4,0,0,Nate Orchard,DE,0,0,0,0,0
1197,23,0,0,0,0,Nate Solder,T,0,0,0,0,0
1198,26,1,0,6,0,Nate Sudfeld,QB,22,0,0,0,0
1199,26,0,23,0,1,Nathan Gerry,LB,0,0,0,0,0
1200,4,2,0,12,0,Nathan Peterman,QB,296,50,0,0,0
1201,24,0,15,0,0,Nathan Shepherd,CB,0,0,0,0,0
1202,23,0,14,0,0,Nathan Stupar,LB,0,0,0,0,0
1203,13,0,10,0,0,Natrell Jamerson,FS,0,0,0,0,0
1204,29,0,7,0,0,Nazair Jones,zzz,0,0,0,0,0
1205,18,0,59,0,0,Ndamukong Suh,DT,0,0,0,4.5,0
1206,24,0,0,0,0,Neal Sterling,TE,0,0,47,0,0
1207,29,0,7,0,0,Neiko Thorpe,zzz,0,0,0,0,0
1208,26,4,0,24,0,Nelson Agholor,WR,15,32,736,0,0
1209,24,0,39,0,0,Neville Hewitt,LB,0,0,0,1.5,0
1210,11,0,53,0,0,Nevin Lawson,CB,0,0,0,1,0
1211,22,0,10,0,0,Nicholas Grigsby,LB,0,0,0,0,0
1212,25,0,43,0,0,Nicholas Morrow,LB,0,0,0,1,0
1213,11,0,9,0,0,Nick Bellore,FB,0,0,15,0,0
1214,3,0,1,0,0,Nick Boyle,TE,0,0,213,0,0
1215,8,10,5,60,0,Nick Chubb,RB,0,996,149,0,0
1216,15,0,12,0,0,Nick DeLuca,LB,0,0,0,1,0
1217,17,0,10,0,0,Nick Dzubnar,zzz,0,0,0,0,0
1218,26,7,0,42,0,Nick Foles,QB,1413,17,10,0,0
1219,6,0,15,0,0,Nick Kwiatkoski,LB,0,0,0,0,0
1220,13,0,0,0,0,Nick Martin,C,0,0,0,0,0
1221,28,13,0,78,0,Nick Mullens,QB,2277,0,0,0,0
1222,25,0,20,0,0,Nick Nelson,CB,0,0,0,0,0
1223,19,1,0,6,0,Nick O'Leary,TE,0,0,86,0,0
1224,12,0,24,0,0,Nick Perry,LB,0,0,0,1.5,0
1225,32,0,1,0,0,Nick Sundberg,zzz,0,0,0,0,0
1226,29,3,0,18,0,Nick Vannett,TE,0,0,269,0,0
1227,7,0,84,0,0,Nick Vigil,LB,0,0,0,0,0
1228,6,0,2,0,0,Nick Williams,zzz,0,0,17,0,0
1229,18,0,37,0,1,Nickell Robey-Coleman,CB,0,0,0,0,0
1230,26,0,97,0,0,Nigel Bradham,LB,0,0,0,2,0
1231,15,0,2,0,0,Niles Paul,TE,0,-3,98,0,0
1232,7,0,4,0,0,Niles Scott,zzz,0,0,0,0,0
1233,9,0,5,0,0,Noah Brown,WR,0,0,54,0,0
1234,30,0,3,0,0,Noah Spence,zzz,0,0,0,0,0
1235,14,4,1,24,0,Nyheim Hines,RB,0,314,425,0,0
1236,30,5,0,30,0,O.J. Howard,TE,0,0,565,0,0
1237,22,0,3,0,0,Obi Melifonwu,zzz,0,0,0,0,0
1238,1,0,0,0,0,Oday Aboushi,G,0,0,0,0,0
1239,23,8,0,48,0,Odell Beckham,WR,106,19,1052,0,0
1240,27,0,1,0,0,Olasunkanmi Adeniyi,zzz,0,0,0,0,0
1241,23,0,30,0,0,Olivier Vernon,LB,0,0,0,7,1
1242,1,0,12,0,0,Olsen Pierre,DT,0,0,0,0,0
1243,12,0,24,0,0,Oren Burks,LB,0,0,0,0,0
1244,16,0,44,0,1,Orlando Scandrick,CB,0,0,0,0,0
1245,8,0,5,0,0,Orson Charles,TE,0,0,23,0,0
1246,25,0,22,0,0,P.J. Hall,DT,0,0,0,0,0
1247,21,1,53,6,1,P.J. Williams,CB,0,0,0,1,0
1248,24,0,21,0,0,Parry Nickerson,CB,0,0,0,0,0
1249,1,0,1,0,0,Pasoni Tasini,zzz,0,0,0,0,0
1250,6,0,0,0,0,Pat O'Donnell,P,0,0,0,0,0
1251,22,0,84,0,1,Patrick Chung,S,0,0,0,0.5,0
1252,4,0,5,0,0,Patrick DiMarco,FB,0,9,62,0,0
1253,16,52,0,312,0,Patrick Mahomes,QB,5097,272,0,0,1
1254,3,0,59,0,1,Patrick Onwuasor,LB,0,0,0,5.5,0
1255,1,0,54,0,2,Patrick Peterson,CB,0,0,0,1,1
1256,3,0,4,0,0,Patrick Ricard,DT,0,0,0,0,0
1257,21,0,6,0,0,Patrick Robinson,CB,0,0,0,0,0
1258,6,0,2,0,0,Patrick Scales,zzz,0,0,0,0,0
1259,32,2,0,12,0,Paul Richardson,WR,0,9,262,0,0
1260,32,0,11,0,0,Pernell McPhee,zzz,0,0,0,0,0
1261,13,0,13,0,0,Peter Kalambayi,zzz,0,0,0,0,0
1262,30,6,0,36,0,Peyton Barber,RB,0,871,92,0,0
1263,1,0,0,30,0,phil Dawson,K,0,0,0,0,0
1264,17,32,0,192,0,philip Rivers,QB,4308,7,0,0,1
1265,22,3,0,18,0,phillip Dorsett,WR,0,29,290,0,0
1266,8,0,39,0,0,phillip Gaines,CB,0,0,0,0,0
1267,10,10,1,60,0,phillip Lindsay,RB,0,1037,241,0,1
1268,14,0,79,0,1,Pierre Desir,CB,0,0,0,0,0
1269,28,1,0,6,0,Pierre Garcon,WR,0,0,286,0,0
1270,28,0,3,0,0,pita Taumoepenu,zzz,0,0,0,0,0
1271,29,0,21,0,0,Poona Ford,DT,0,0,0,0,0
1272,7,0,42,0,2,Preston Brown,LB,0,0,0,0,0
1273,32,1,53,6,1,Preston Smith,LB,0,0,0,4,0
1274,6,1,66,6,3,Prince Amukamara,CB,0,0,0,0,0
1275,11,1,78,6,3,Quandre Diggs,CB,0,0,0,0,0
1276,15,0,8,0,0,Quenton Meeks,CB,0,0,0,0,0
1277,24,1,0,6,0,Quincy Enunwa,WR,0,0,449,0,0
1278,14,0,28,0,1,Quincy Wilson,CB,0,0,0,0,0
1279,32,0,39,0,2,Quinton Dunbar,CB,0,0,0,0,0
1280,29,0,25,0,0,Quinton Jefferson,DE,0,0,0,3,0
1281,23,0,5,0,0,R.J. Mcintosh,zzz,0,0,0,0,0
1282,19,0,105,0,0,Raekwon McMillan,LB,0,0,0,0,0
1283,4,0,45,0,0,Rafael Bush,CB,0,0,0,1.5,0
1284,28,1,6,6,0,Raheem Mostert,zzz,0,261,25,0,0
1285,30,0,2,0,0,Rakeem Nunez-Roches,zzz,0,0,0,0,0
1286,18,0,35,0,0,Ramik Wilson,LB,0,0,0,0,0
1287,22,0,9,0,0,Ramon Humber,LB,0,0,0,0,0
1288,12,2,0,12,0,Randall Cobb,WR,0,0,383,0,0
1289,7,0,0,96,0,Randy Bullock,K,0,0,0,0,0
1290,9,0,25,0,0,Randy Gregory,DE,0,0,0,6,0
1291,29,2,0,12,0,Rashaad Penny,RB,0,419,75,0,0
1292,31,0,53,0,0,Rashaan Evans,LB,0,0,0,0,0
1293,5,0,17,0,0,Rashaan Gaulden,zzz,0,0,0,0,0
1294,25,0,56,0,1,Rashaan Melvin,CB,0,0,0,0,0
1295,15,0,0,0,0,Rashad Greene,WR,0,0,60,0,0
1296,8,4,0,24,0,Rashard Higgins,WR,0,0,572,0,0
1297,24,0,8,0,0,Rashard Robinson,CB,0,0,0,0,0
1298,29,0,9,0,0,Rasheem Green,zzz,0,0,0,1,0
1299,26,0,58,0,3,Rasul Douglas,CB,0,0,0,0,0
1300,12,0,5,0,0,Raven Greene,zzz,0,26,0,1,0
1301,23,0,26,0,0,Ray-Ray Armstrong,LB,0,0,0,0,0
1302,4,0,0,0,0,Ray-Ray McCloud,FB,0,4,36,0,0
1303,17,0,23,0,0,Rayshawn Jenkins,S,0,0,0,0.5,0
1304,12,0,38,0,0,Reggie Gilbert,zzz,0,0,0,2.5,0
1305,25,0,29,0,2,Reggie Nelson,S,0,0,0,0,0
1306,16,0,86,0,1,Reggie Ragland,LB,0,0,0,0.5,0
1307,4,0,3,0,0,Reid Ferguson,zzz,0,0,0,0,0
1308,19,1,72,6,3,Reshad Jones,S,0,0,0,0,0
1309,28,0,29,0,0,Reuben Foster,LB,0,0,0,0,0
1310,22,1,2,6,0,Rex Burkhead,RB,0,186,131,0,0
1311,23,1,1,6,0,Rhett Ellison,TE,0,0,272,0,0
1312,2,0,17,0,1,Ricardo Allen,S,0,0,0,0,0
1313,26,0,0,0,0,Richard Rodgers,TE,0,0,7,0,0
1314,28,0,37,0,0,Richard Sherman,CB,0,0,0,1,0
1315,28,1,1,6,0,Richie James,WR,0,0,130,0,0
1316,26,0,2,0,0,Rick Lovato,zzz,0,0,0,0,0
1317,11,0,30,0,0,Ricky Jean-Francois,DE,0,0,0,2,0
1318,2,0,2,0,0,Ricky Ortiz,FB,0,0,11,0,0
1319,1,1,0,6,0,Ricky seals-Jones,TE,0,0,343,0,0
1320,9,0,0,0,0,Rico Gathers,TE,0,0,45,0,0
1321,14,0,1,0,0,Rigoberto Sanchez,P,0,0,0,0,0
1322,30,0,14,0,0,Riley Bullough,LB,0,0,0,0,0
1323,23,0,2,0,0,Riley Dixon,P,0,14,0,0,0
1324,31,0,0,0,0,Rishard Matthews,WR,0,0,24,0,0
1325,10,0,1,0,0,River Cracraft,zzz,0,0,44,0,0
1326,22,3,0,18,0,Rob Gronkowski,TE,0,0,682,0,0
1327,18,0,0,0,0,Rob Havenstein,T,0,0,0,0,0
1328,28,0,0,126,0,Robbie Gould,K,0,0,0,0,0
1329,24,6,0,36,0,Robby Anderson,WR,0,-8,752,0,0
1330,2,0,50,0,0,Robert Alford,CB,0,0,0,0,0
1331,4,3,1,18,0,Robert Foster,WR,0,0,541,0,0
1332,3,0,0,0,0,Robert Griffin,QB,21,0,0,0,0
1333,32,0,0,0,0,Robert Kelley,RB,0,8,0,0,0
1334,1,0,32,0,0,Robert Nkemdiche,DT,0,0,0,4.5,0
1335,19,0,38,0,0,Robert Quinn,DE,0,0,0,6.5,0
1336,12,1,1,6,0,Robert Tonyan,TE,0,0,77,0,0
1337,14,0,0,0,0,Robert Turbin,RB,0,10,3,0,0
1338,18,7,0,42,0,Robert Woods,WR,0,157,1219,0,0
1339,20,0,4,0,0,Roc Thomas,zzz,0,30,21,0,0
1340,9,1,9,6,0,Rod Smith,RB,0,127,60,0,0
1341,8,0,1,0,0,Rod Streater,zzz,0,0,0,0,0
1342,1,0,44,0,0,Rodney Gunter,DT,0,0,0,4.5,0
1343,26,0,10,0,0,Rodney Mcleod,S,0,0,0,0,0
1344,11,0,39,0,0,Romeo Okwara,DE,0,0,0,7.5,0
1345,16,1,77,6,2,Ron Parker,S,0,0,0,1,0
1346,28,0,36,0,0,Ronald Blair,zzz,0,0,0,5.5,0
1347,26,0,43,0,1,Ronald Darby,CB,0,0,0,0,0
1348,30,1,1,6,0,Ronald Jones,zzz,0,44,33,0,0
1349,15,0,32,0,1,Ronnie Harrison,CB,0,0,0,1,0
1350,24,0,11,0,0,Rontez Miles,FS,0,4,0,0,0
1351,27,0,7,0,0,Roosevelt Nix,zzz,0,4,38,0,0
1352,6,0,121,0,1,Roquan Smith,LB,0,0,0,5,0
1353,28,0,1,0,0,Ross Dwelley,zzz,0,0,14,0,0
1354,6,0,22,0,0,Roy Robertson-Harris,zzz,0,0,0,3,0
1355,10,5,0,30,0,Royce Freeman,RB,0,521,72,0,0
1356,1,0,9,0,0,Rudy Ford,S,0,0,0,0,0
1357,2,0,7,0,0,Russell Gage,zzz,0,0,63,0,0
1358,23,2,6,12,0,Russell Shepard,zzz,0,0,188,0,0
1359,29,35,0,210,0,Russell Wilson,QB,3448,376,-11,0,1
1360,22,0,1,0,0,Ryan Allen,P,0,0,0,0,0
1361,32,0,18,0,0,Ryan Anderson,zzz,0,0,0,2,0
1362,30,19,0,114,0,Ryan Fitzpatrick,QB,2366,152,0,0,0
1363,7,0,11,0,0,Ryan Glasgow,zzz,0,0,0,0,0
1364,14,1,0,6,0,Ryan Grant,WR,0,0,334,0,0
1365,13,0,0,0,0,Ryan Griffin,TE,0,0,305,0,0
1366,4,0,0,0,0,Ryan Groy,C,0,0,0,0,0
1367,14,1,1,6,0,Ryan Hewitt,TE,0,0,1,0,0
1368,30,0,0,0,0,Ryan Jensen,C,0,0,0,0,0
1369,5,0,0,0,0,Ryan Kalil,C,0,0,0,0,0
1370,32,0,43,0,0,Ryan Kerrigan,LB,0,0,0,13,1
1371,4,0,15,0,0,Ryan Lewis,CB,0,0,0,0,0
1372,30,0,38,0,1,Ryan Smith,CB,0,0,0,0,0
1373,31,0,0,106,0,Ryan Succop,K,0,0,0,0,0
1374,27,1,0,6,0,Ryan Switzer,WR,0,21,253,0,0
1375,19,18,0,108,0,Ryan Tannehill,QB,1979,145,3,0,0
1376,6,0,1,0,0,Sam Acho,zzz,0,0,0,0,0
1377,1,2,0,12,0,Sam Bradford,QB,400,7,0,0,0
1378,24,18,0,108,0,Sam Darnold,QB,2865,138,0,0,0
1379,18,0,1,13,0,Sam Ficken,K,0,0,0,0,0
1380,7,1,39,6,0,Sam Hubbard,zzz,0,0,0,6,0
1381,3,0,1,0,0,Sam Koch,P,21,0,0,0,0
1382,11,0,1,0,0,Sam Martin,P,0,0,0,0,0
1383,18,0,22,0,1,Sam Shields,CB,0,0,12,0,0
1384,32,0,0,0,0,Samaje Perine,RB,0,32,5,0,0
1385,13,0,4,0,0,Sammie Coates,zzz,0,0,12,0,0
1386,16,3,0,18,0,Sammy Watkins,WR,0,52,519,0,0
1387,18,2,40,12,1,Samson Ebukam,LB,0,0,0,3,0
1388,23,15,0,90,0,Saquon Barkley,RB,0,1307,721,0,1
1389,23,1,2,6,0,Scott Simonson,TE,0,0,86,0,0
1390,23,0,18,0,0,sean Chandler,zzz,0,0,0,1,0
1391,17,0,0,0,0,sean Culkin,TE,0,0,24,0,0
1392,27,0,80,0,1,sean Davis,FS,0,0,0,0,0
1393,9,0,30,0,0,sean Lee,LB,0,0,0,0.5,0
1394,18,0,0,0,0,sean Mannion,QB,23,0,0,0,0
1395,29,0,0,114,0,Sebastian Janikowski,K,0,0,0,0,0
1396,13,0,0,0,0,Senio Kelemete,G,0,0,0,0,0
1397,19,0,12,0,0,Senorise Perry,zzz,0,0,0,0,0
1398,8,1,3,6,0,Seth Devalve,TE,0,0,74,0,0
1399,25,2,0,12,0,Seth Roberts,WR,0,5,494,0,0
1400,29,0,9,0,0,Shalom Luani,zzz,0,0,0,0,0
1401,29,0,25,0,0,Shamar Stephen,DT,0,0,0,2,0
1402,10,0,7,0,0,Shamarko Thomas,zzz,0,0,0,0,0
1403,10,0,10,0,0,Shane Ray,zzz,0,0,0,1,0
1404,4,0,30,0,0,Shaq Lawson,DE,0,0,0,4,0
1405,5,0,79,0,0,Shaq Thompson,LB,0,0,0,3.5,0
1406,29,0,11,0,0,Shaquem Griffin,LB,0,0,0,0,0
1407,10,0,28,0,0,Shaquil Barrett,zzz,0,0,0,3,0
1408,29,0,61,0,2,Shaquill Griffin,CB,0,0,0,0,0
1409,13,0,32,0,0,Shareece Wright,CB,0,0,0,0,0
1410,31,0,27,0,0,Sharif Finch,zzz,0,0,0,1.5,0
1411,2,0,44,0,0,Sharrod Neasman,zzz,0,0,0,0,0
1412,32,0,27,0,0,Shaun Dion Hamilton,LB,0,0,0,1.5,0
1413,30,0,0,0,0,Shaun Wilson,RB,0,29,5,0,0
1414,7,1,110,6,5,Shawn Williams,S,0,0,0,1,0
1415,10,0,39,0,1,Shelby Harris,zzz,0,0,0,1.5,0
1416,28,0,11,0,0,Sheldon Day,zzz,0,0,0,2,0
1417,21,0,40,0,0,Sheldon Rankins,DT,0,0,0,8,0
1418,20,0,49,0,0,Sheldon Richardson,DT,0,0,0,4.5,0
1419,26,0,1,0,0,Shelton Gibson,zzz,0,0,48,0,0
1420,6,0,26,0,1,Sherrick McManis,zzz,0,0,0,1,0
1421,25,0,12,0,0,Shilique Calhoun,zzz,0,0,0,0,0
1422,26,0,25,0,0,Sidney Jones,CB,0,0,0,0,0
1423,4,0,11,0,0,Siran Neal,zzz,0,0,0,1,0
1424,14,0,4,0,0,Skai Moore,LB,0,0,0,0,0
1425,28,0,31,0,0,Solomon Thomas,DE,0,0,0,1,0
1426,22,6,0,36,0,Sony Michel,RB,0,931,50,0,0
1427,16,2,0,12,0,Spencer Ware,RB,0,246,224,0,0
1428,32,0,9,0,0,Stacy McGee,DE,0,0,0,1,0
1429,4,0,17,0,0,Star Lotulelei,DT,0,0,0,0,0
1430,20,9,0,54,0,Stefon Diggs,WR,0,62,1021,0,0
1431,22,0,0,130,0,Stephen Gostkowski,K,0,0,0,0,0
1432,4,0,0,91,0,Stephen Hauschka,K,0,0,0,0,0
1433,20,0,35,0,0,Stephen Weatherly,DE,0,0,0,3,0
1434,22,0,45,0,2,Stephon Gilmore,CB,0,0,0,1,1
1435,27,0,45,0,0,Stephon Tuitt,DE,0,0,0,5.5,0
1436,19,0,7,0,0,Stephone Anthony,zzz,0,0,0,0,0
1437,23,4,0,24,0,Sterling Shepard,WR,0,33,872,0,0
1438,27,1,0,6,0,Stevan Ridley,RB,0,80,18,0,0
1439,24,0,34,0,0,Steve Mclendon,DT,0,0,0,0,0
1440,2,0,14,0,0,Steven Means,DE,0,0,0,1,0
1441,16,0,68,0,4,Steven Nelson,CB,0,0,0,0,0
1442,10,0,18,0,0,Su'a Cravens,zzz,0,0,0,0,0
1443,11,0,14,0,0,Sylvester Williams,DT,0,0,0,0,0
1444,8,0,74,0,1,T.J. carrie,CB,0,0,0,1,0
1445,11,2,0,12,0,T.J. Jones,WR,0,0,190,0,0
1446,1,0,0,0,0,T.J. Logan,RB,0,2,37,0,0
1447,19,0,86,0,3,T.J. McDonald,S,0,0,0,0,0
1448,27,0,68,0,0,T.J. Watt,DE,0,0,0,13,1
1449,15,5,0,30,0,T.J. Yeldon,RB,0,414,487,0,0
1450,14,6,0,36,0,T.Y. Hilton,WR,0,0,1270,0,0
1451,17,0,5,0,0,T.Y. McGill,DT,0,0,0,0,0
1452,9,0,27,0,0,Taco Charlton,DE,0,0,0,1,0
1453,23,0,33,0,0,Tae Davis,LB,0,0,0,2,0
1454,25,0,126,0,1,Tahir Whitehead,LB,0,0,0,0,0
1455,4,0,5,0,0,Taiwan Jones,zzz,0,0,0,0,0
1456,31,2,0,12,0,Tajae Sharpe,WR,0,16,316,0,0
1457,2,0,22,0,0,Takkarist McKinley,DE,0,0,0,7,0
1458,25,0,1,0,0,Tank carradine,zzz,0,0,0,0,0
1459,19,0,1,0,0,Tanner McEvoy,zzz,0,0,0,0,0
1460,8,0,27,0,0,Tanner Vallejo,LB,0,0,0,0,0
1461,16,0,4,0,0,Tanoh Kpassagnon,zzz,0,0,0,0,0
1462,6,1,3,6,0,Taquan Mizzell,WR,0,16,78,0,0
1463,24,0,8,0,0,Tarell Basham,LB,0,0,0,0,0
1464,6,9,0,54,0,Tarik Cohen,RB,1,444,725,0,1
1465,4,0,42,0,1,Taron Johnson,CB,0,0,0,1,0
1466,28,0,23,0,0,Tarvarius Moore,CB,0,0,0,0,0
1467,15,0,54,0,1,Tashaun Gipson,FS,0,0,0,0,0
1468,20,0,6,0,0,Tashawn Bower,zzz,0,0,0,0,0
1469,15,0,20,0,0,Taven Bryan,DT,0,0,0,1,0
1470,8,0,8,0,0,Tavierre Thomas,zzz,0,0,0,0,0
1471,9,2,0,12,0,Tavon Austin,WR,0,55,140,0,0
1472,11,0,36,0,0,Tavon Wilson,CB,0,7,0,1,0
1473,3,2,37,12,1,Tavon Young,CB,0,0,0,2,0
1474,11,1,0,6,0,Taylor Decker,T,0,0,11,0,0
1475,6,2,0,12,0,Taylor Gabriel,WR,0,61,688,0,0
1476,5,1,0,6,0,Taylor Heinicke,QB,320,31,0,0,0
1477,31,0,0,0,0,Taylor Lewan,T,0,0,0,0,1
1478,21,0,8,0,0,Taylor Stallworth,zzz,0,0,0,1,0
1479,21,2,6,12,0,Taysom Hill,TE,64,196,4,0,0
1480,31,1,0,6,0,Taywan Taylor,WR,0,0,466,0,0
1481,21,2,0,12,0,Ted Ginn,WR,0,26,209,0,0
1482,21,1,0,6,0,Teddy Bridgewater,QB,118,5,0,0,0
1483,29,0,57,0,1,Tedric Thompson,FS,0,0,0,0,0
1484,11,0,28,0,0,Teez Tabor,CB,0,0,0,0,0
1485,15,1,134,6,2,Telvin Smith,LB,0,0,0,1,0
1486,28,0,1,0,0,Terence Garvin,zzz,0,0,0,0,0
1487,8,0,38,0,1,Terrance Mitchell,CB,0,0,0,0,0
1488,16,0,22,0,0,Terrance Smith,zzz,0,0,0,1,0
1489,9,0,0,0,0,Terrance Williams,WR,0,0,18,0,0
1490,27,0,78,0,1,Terrell Edmunds,CB,0,0,0,1,0
1491,2,0,17,0,0,Terrell McClain,DT,0,0,0,1,0
1492,3,1,34,6,0,Terrell Suggs,DT,0,0,0,7,0
1493,24,2,0,12,0,Terrelle Pryor,WR,0,-1,252,0,0
1494,24,0,10,0,0,Terrence Brooks,zzz,0,0,0,0,0
1495,2,9,0,54,0,Tevin Coleman,RB,0,800,276,0,0
1496,11,0,0,0,0,Theo Riddick,WR,0,171,384,0,0
1497,5,0,79,0,0,Thomas Davis,LB,0,0,0,0,0
1498,24,0,3,0,0,Thomas Hennessy,zzz,0,0,0,0,0
1499,21,0,0,0,0,Thomas Morstead,P,0,0,0,0,0
1500,1,0,1,0,0,Thurston Armbrister,zzz,0,0,0,0,0
1501,10,1,7,6,0,Tim Patrick,WR,0,17,315,0,0
1502,32,0,8,0,0,Tim Settle,zzz,0,0,0,0,0
1503,3,0,0,0,0,Tim White,WR,0,0,14,0,0
1504,3,0,10,0,0,Tim Williams,zzz,0,0,0,2,0
1505,26,0,2,0,0,Timmy Jernigan,DT,0,0,0,0,0
1506,10,1,114,6,1,Todd Davis,LB,0,0,0,0.5,0
1507,18,21,0,126,0,Todd Gurley,RB,0,1251,580,0,1
1508,22,31,0,186,0,Tom Brady,QB,4355,35,6,0,1
1509,29,0,24,0,0,Tom Johnson,DT,0,0,0,4.5,0
1510,15,0,0,0,0,Tommy Bohanon,FB,0,0,41,0,0
1511,21,1,0,6,0,Tommylee Lewis,WR,0,10,60,0,0
1512,32,0,0,0,0,Tony Bergstrom,C,0,0,0,0,0
1513,12,0,34,0,0,Tony Brown,CB,0,0,0,0,0
1514,3,0,74,0,1,Tony Jefferson,S,0,0,0,1,0
1515,23,0,1,0,0,Tony Lippett,zzz,0,0,0,0,0
1516,7,0,9,0,0,Tony McRae,CB,0,0,0,0,0
1517,5,2,0,12,0,Torrey Smith,WR,0,0,190,0,0
1518,19,0,30,0,0,Torry McTyer,CB,0,0,0,0,0
1519,12,0,3,0,0,Tra carson,RB,0,0,0,0,0
1520,11,0,21,0,1,Tracy Walker,zzz,0,0,0,0,0
1521,20,0,44,0,1,Trae Waynes,CB,0,0,0,0,0
1522,10,0,23,0,0,Tramaine Brock,CB,0,0,0,0,0
1523,12,0,54,0,0,Tramon Williams,CB,0,0,0,0,0
1524,5,0,0,0,0,Travaris Cadet,RB,0,17,5,0,0
1525,17,1,0,6,0,Travis Benjamin,WR,0,41,186,0,0
1526,16,10,0,60,0,Travis Kelce,TE,0,0,1336,0,1
1527,1,0,79,0,3,Tre Boston,S,0,0,0,0,0
1528,29,0,67,0,0,Tre Flowers,CB,0,0,0,0,0
1529,15,0,13,0,0,Tre Herndon,zzz,0,0,0,0,0
1530,29,0,5,0,0,Tre Madden,FB,0,3,35,0,0
1531,26,0,17,0,0,Tre Sullivan,S,0,0,0,0,0
1532,4,0,54,0,2,TreDavious White,CB,0,0,0,0,0
1533,4,0,121,0,2,Tremaine Edmunds,LB,0,0,0,2,0
1534,16,0,5,0,0,Tremon Smith,CB,0,0,0,0,0
1535,4,0,24,0,0,Trent Murphy,DE,0,0,0,4,0
1536,1,1,1,6,0,Trent Sherfield,WR,0,0,210,0,0
1537,28,1,0,6,0,Trent Taylor,WR,0,0,215,0,0
1538,32,0,0,0,0,Trent Williams,G,0,0,0,0,1
1539,24,1,9,6,0,Trenton Cannon,zzz,0,113,144,0,0
1540,21,5,0,30,0,Tre'Quan Smith,WR,0,0,427,0,0
1541,32,0,1,0,0,Tress Way,P,7,0,0,0,0
1542,8,0,39,0,0,Trevon Coley,DT,0,0,0,0.5,0
1543,17,0,3,0,0,Tre'von Johnson,zzz,0,0,0,0,0
1544,11,0,3,0,0,Trevor Bates,zzz,0,0,0,0,0
1545,13,0,0,0,0,Trevor Daniel,P,0,0,0,0,0
1546,12,0,2,0,0,Trevor Davis,zzz,0,0,0,0,0
1547,17,0,23,0,1,Trevor Williams,CB,0,0,0,0,0
1548,6,6,0,36,0,Trey Burton,TE,0,2,569,0,0
1549,22,0,57,0,0,Trey Flowers,DE,0,0,0,7.5,0
1550,21,0,8,0,0,Trey Hendrickson,zzz,0,0,0,0,0
1551,32,1,0,6,0,Trey Quinn,WR,0,0,75,0,0
1552,26,0,13,0,0,Treyvon Hester,DT,0,0,0,1,0
1553,32,0,1,0,0,Troy Apke,zzz,0,0,0,0,0
1554,18,0,34,0,2,Troy Hill,CB,0,0,0,0,0
1555,24,1,40,6,4,Trumaine Johnson,CB,0,0,0,0,0
1556,3,1,1,6,0,Ty Montgomery,RB,0,188,235,0,0
1557,21,0,23,0,0,Tyeler Davison,DT,0,0,0,2,0
1558,7,7,0,42,0,Tyler Boyd,WR,0,3,1028,0,0
1559,20,0,0,0,0,Tyler Conklin,TE,0,0,77,0,0
1560,7,1,0,6,0,Tyler Eifert,TE,0,0,179,0,0
1561,13,0,0,0,0,Tyler Ervin,RB,0,0,35,0,0
1562,18,2,0,12,0,Tyler Higbee,TE,0,0,292,0,0
1563,7,0,1,0,0,Tyler Kroft,TE,0,0,36,0,0
1564,12,0,26,0,0,Tyler Lancaster,DT,0,0,0,0,0
1565,29,10,0,60,0,Tyler Lockett,WR,0,69,965,0,0
1566,27,0,16,0,0,Tyler Matakevich,LB,0,0,0,0,0
1567,29,0,1,0,0,Tyler Ott,zzz,0,0,0,0,0
1568,15,0,14,0,0,Tyler Patmon,CB,0,0,0,0,0
1569,15,0,0,0,0,Tyler Shatley,C,0,0,0,0,0
1570,14,0,13,0,0,Tyquan Lewis,DE,0,0,0,2,0
1571,13,0,89,0,2,Tyrann Mathieu,CB,0,0,0,3,0
1572,16,13,0,78,0,Tyreek Hill,WR,0,151,1479,0,1
1573,13,0,3,0,0,Tyrell Adams,zzz,0,0,0,0,0
1574,17,5,0,30,0,Tyrell Williams,WR,0,15,653,0,0
1575,8,3,0,18,0,Tyrod Taylor,QB,473,125,0,0,0
1576,9,0,34,0,0,Tyrone Crawford,DE,0,0,0,5.5,0
1577,29,0,0,0,0,Tyrone Swoopes,TE,0,0,23,0,0
1578,27,0,22,0,0,Tyson Alualu,DE,0,0,0,0,0
1579,3,0,11,0,0,Tyus Bowser,zzz,0,0,0,0.5,0
1580,28,0,6,0,0,Tyvis Powell,S,0,0,0,0,0
1581,17,0,27,0,0,Uchenna Nwosu,LB,0,0,0,3.5,0
1582,22,0,1,0,0,Ufomba Kamalu,zzz,0,0,0,0,0
1583,23,0,7,0,0,Ukeme Eligwe,zzz,0,0,0,0,0
1584,27,4,1,24,0,Vance McDonald,TE,0,0,610,0,0
1585,5,0,19,0,0,Vernon Butler,zzz,0,0,0,0.5,0
1586,32,2,0,12,0,Vernon Davis,TE,0,0,367,0,0
1587,30,0,7,0,0,Vernon Hargreaves,CB,0,0,0,0,0
1588,2,1,20,6,0,Vic Beasley,DE,0,0,0,5,0
1589,28,0,0,0,0,Victor Bolden,WR,0,0,10,0,0
1590,21,0,4,0,0,Vince Biegel,zzz,0,0,0,0,0
1591,27,1,76,6,1,Vince Williams,LB,0,0,0,4.5,0
1592,7,0,19,0,0,Vincent Rey,LB,0,0,0,0,0
1593,19,0,27,0,0,Vincent Taylor,zzz,0,0,0,2,0
1594,1,0,1,0,0,Vincent Valentine,zzz,0,0,0,0,0
1595,30,0,21,0,0,Vinny Curry,DE,0,0,0,2.5,0
1596,17,1,0,6,0,Virgil Green,TE,0,0,210,0,0
1597,30,0,28,0,0,Vita Vea,DT,0,0,0,3,0
1598,10,0,48,0,1,Von Miller,LB,0,0,0,14.5,1
1599,21,0,88,0,0,Vonn Bell,CB,0,0,0,1,0
1600,4,0,1,0,0,Vontae Davis,CB,0,0,0,0,0
1601,1,0,3,0,0,Vontarrius Dora,zzz,0,0,0,0,0
1602,7,0,33,0,0,Vontaze Burfict,LB,0,0,0,0,0
1603,13,1,0,6,0,Vyncint Smith,WR,0,0,91,0,0
1604,19,0,11,0,1,Walt Aikens,S,0,0,0,0,0
1605,23,1,0,6,0,Wayne Gallman,RB,0,176,89,0,0
1606,26,5,2,30,0,Wendell Smallwood,RB,0,364,230,0,0
1607,5,0,24,0,0,Wes Horton,DE,0,0,0,1.5,0
1608,2,0,0,0,0,Wes Schweitzer,G,0,0,0,0,0
1609,31,0,113,0,0,Wesley Woodyard,LB,0,0,0,4.5,0
1610,13,0,39,0,0,Whitney Mercilus,LB,0,0,0,4,0
1611,21,0,3,136,0,Wil Lutz,K,0,0,0,0,0
1612,29,2,0,12,0,Will Dissly,TE,0,0,156,0,0
1613,13,4,0,24,0,Will Fuller,WR,0,0,503,0,0
1614,10,0,41,0,1,Will Parks,CB,0,0,0,0,0
1615,12,0,1,0,0,Will Redmond,zzz,0,0,0,0,0
1616,31,0,16,0,0,William Compton,LB,0,0,0,0,0
1617,30,0,10,0,0,William Gholston,DT,0,0,0,1,0
1618,19,0,4,0,0,William Hayes,zzz,0,0,0,2,0
1619,7,0,41,0,0,William Jackson,CB,0,0,0,0,0
1620,3,0,3,0,0,Willie Henry,zzz,0,0,0,1,0
1621,3,1,0,6,0,Willie Snead,WR,0,13,651,0,0
1622,4,0,0,0,0,Wyatt Teller,G,0,0,0,0,0
1623,19,0,35,0,7,Xavien Howard,CB,0,0,0,0,1
1624,27,0,0,0,0,Xavier Grimble,TE,0,0,86,0,0
1625,20,0,47,0,1,Xavier Rhodes,CB,0,0,0,0,0
1626,16,0,47,0,0,Xavier Williams,DT,0,0,0,2.5,0
1627,9,0,56,0,2,Xavier Woods,FS,0,0,0,0,0
1628,8,0,1,0,0,Xavier Woodson-Luster,zzz,0,0,0,0,0
1629,15,0,28,0,0,Yannick Ngakoue,DE,0,0,0,9.5,0
1630,32,0,96,0,0,Zach Brown,LB,0,0,0,1,0
1631,13,1,107,6,1,Zach Cunningham,LB,0,0,0,0,0
1632,26,8,0,48,0,Zach Ertz,TE,0,0,1163,0,1
1633,10,0,33,0,0,Zach Kerr,zzz,0,0,0,1.5,0
1634,21,2,2,12,0,Zach Line,FB,0,41,14,0,0
1635,1,0,14,0,0,Zach Moore,DE,0,0,0,3.5,0
1636,14,2,2,12,0,Zach Pascal,WR,0,10,268,0,0
1637,3,0,1,0,0,Zach Sieler,zzz,0,0,0,0,0
1638,32,0,10,0,0,Zach Vigil,zzz,0,0,0,0,0
1639,21,0,1,0,0,Zach Wood,zzz,0,0,0,0,0
1640,11,3,4,18,0,Zach Zenner,RB,0,265,56,0,0
1641,3,0,45,0,0,Za'Darius Smith,DT,0,0,0,8.5,0
1642,14,0,29,0,0,Zaire Franklin,LB,0,0,0,0,0
1643,23,0,3,0,0,Zak DeOssie,zzz,0,0,0,0,0
1644,1,0,0,35,0,Zane Gonzalez,K,0,0,0,0,0
1645,4,7,0,42,0,Zay Jones,WR,0,0,652,0,0
1646,1,0,16,0,0,Zeke Turner,LB,0,0,0,0,0
